i,j,n_i,n_j,n_pairs_used,d_ij,cos_ij,cos_dist,med_T_sim,med_T_dist
0,1,200,200,40000,8.919570227606384,0.16944703768680353,0.8305529623131964,0.1375,0.8625
0,2,200,200,40000,10.280633017771104,-0.12456971953983965,1.1245697195398396,0.10880327163151098,0.8911967283684891
0,3,200,200,40000,8.599543501660381,0.19408504854047776,0.8059149514595223,0.13636363636363635,0.8636363636363636
0,4,200,200,40000,8.422818533949696,0.2123209744372604,0.7876790255627396,0.14666666666666667,0.8533333333333333
0,5,200,200,40000,9.372048386294017,0.0095233376435977,0.9904766623564023,0.136986301369863,0.863013698630137
0,6,200,200,40000,10.139842713295767,-0.17236554140461224,1.1723655414046124,0.13043478260869565,0.8695652173913043
0,7,200,200,40000,9.944295388503708,-0.14284410777551942,1.1428441077755194,0.10588235294117647,0.8941176470588236
0,8,200,200,40000,8.729829285534457,0.10971274554769349,0.8902872544523065,0.12903225806451613,0.8709677419354839
0,9,200,200,40000,10.042036011349506,-0.1842226217445304,1.1842226217445304,0.08235294117647059,0.9176470588235294
0,10,200,200,40000,8.194292577366017,0.2059625518436052,0.7940374481563948,0.125,0.875
0,11,200,200,40000,9.312340286047307,-0.04146588615377538,1.0414658861537753,0.11764705882352941,0.8823529411764706
0,12,200,200,40000,7.5254382344148585,0.32378191853077215,0.6762180814692278,0.08333333333333333,0.9166666666666666
0,13,200,200,40000,7.944059583348835,0.23905670110286303,0.760943298897137,0.13978494623655913,0.8602150537634409
0,14,200,200,40000,9.237842790783706,-0.050777767928555505,1.0507777679285555,0.10975609756097561,0.8902439024390244
0,15,200,200,40000,9.04962767602863,-0.018166807210174916,1.0181668072101748,0.12987012987012986,0.8701298701298701
0,16,200,200,40000,9.716880876524336,-0.18910114914896317,1.1891011491489631,0.13541666666666666,0.8645833333333334
0,17,200,200,40000,9.215619986172022,-0.07205895602427456,1.0720589560242746,0.1276595744680851,0.8723404255319149
0,18,200,200,40000,9.171813252311598,-0.06811414269471214,1.068114142694712,0.1267605633802817,0.8732394366197183
0,19,200,200,40000,9.566470576754803,-0.17899055734433783,1.1789905573443378,0.14,0.86
0,20,200,200,40000,7.457656568451526,0.29305924509506925,0.7069407549049307,0.0975609756097561,0.9024390243902439
0,21,200,200,40000,8.284912229762108,0.11574900244033695,0.8842509975596631,0.13924050632911392,0.8607594936708861
0,22,200,200,40000,8.025580358573913,0.16222052218381797,0.837779477816182,0.09302325581395349,0.9069767441860466
0,23,200,200,40000,8.8371256548618,-0.036499914810559454,1.0364999148105594,0.125,0.875
0,24,200,200,40000,7.861053061594199,0.18416518965197334,0.8158348103480266,0.12727272727272726,0.8727272727272728
0,25,200,200,40000,8.933043266798714,-0.0909776923983139,1.0909776923983139,0.11827956989247312,0.8817204301075269
0,26,200,200,40000,8.787507767709062,-0.07308490370580084,1.0730849037058008,0.11458333333333333,0.8854166666666666
0,27,200,200,40000,8.703038811804149,-0.060356816384082225,1.0603568163840822,0.1276595744680851,0.8723404255319149
0,28,200,200,40000,7.516008080271444,0.20991862168716732,0.7900813783128326,0.12790697674418605,0.872093023255814
0,29,200,200,40000,8.593326234425318,-0.12282230445145383,1.1228223044514538,0.125,0.875
0,30,200,200,40000,10.431307586166966,-0.06067613199201302,1.060676131992013,0.11038961038961038,0.8896103896103896
0,31,200,200,40000,8.901504118129848,0.17138852625970386,0.8286114737402961,0.14130434782608695,0.8586956521739131
0,32,200,79,15800,9.669880892419163,-0.007182436931132667,1.0071824369311326,0.1282051282051282,0.8717948717948718
0,33,200,200,40000,8.351897118969697,0.23808363245588218,0.7619163675441178,0.13333333333333333,0.8666666666666667
0,34,200,200,40000,10.803261490740999,-0.29678187580477045,1.2967818758047704,0.07692307692307693,0.9230769230769231
0,35,200,200,40000,8.02413268414682,0.26834260152594774,0.7316573984740522,0.1320754716981132,0.8679245283018868
0,36,200,200,40000,8.950244805568795,0.0766837805151449,0.9233162194848551,0.13978494623655913,0.8602150537634409
0,37,200,200,40000,8.052724822814412,0.25125494675785737,0.7487450532421427,0.11842105263157894,0.881578947368421
0,38,200,200,40000,9.253043529333047,-0.0033913713813145973,1.0033913713813145,0.12727272727272726,0.8727272727272728
0,39,200,200,40000,9.148610013111456,0.013323509337684687,0.9866764906623153,0.1111111111111111,0.8888888888888888
0,40,200,200,40000,10.016570985301962,-0.1992621397326022,1.1992621397326022,0.07058823529411765,0.9294117647058824
0,41,200,200,40000,9.677057270118125,-0.13284943406439148,1.1328494340643915,0.10869565217391304,0.8913043478260869
0,42,200,200,40000,8.770650976030865,0.06725492026652835,0.9327450797334716,0.13043478260869565,0.8695652173913043
0,43,200,200,40000,9.409578855105998,-0.08646835910985348,1.0864683591098534,0.1232876712328767,0.8767123287671232
0,44,200,200,40000,7.438244232495041,0.32661115615500774,0.6733888438449922,0.13924050632911392,0.8607594936708861
0,45,200,200,40000,8.75536613754412,0.04770744712907673,0.9522925528709233,0.13829787234042554,0.8617021276595744
0,46,200,178,35600,6.952438329131761,0.40614166586595657,0.5938583341340434,0.1375,0.8625
0,47,200,149,29800,8.835705273865301,0.013334668491088861,0.9866653315089111,0.08333333333333333,0.9166666666666666
0,48,200,200,40000,8.881973340397263,-0.0024604887222321667,1.0024604887222321,0.08571428571428572,0.9142857142857143
0,49,200,200,40000,8.571478349836374,0.0580451251473677,0.9419548748526323,0.12643678160919541,0.8735632183908046
0,50,200,200,40000,8.883488899446569,-0.024874046904014416,1.0248740469040145,0.11702127659574468,0.8829787234042553
0,51,200,200,40000,8.493228429780526,0.06526708762346521,0.9347329123765348,0.08860759493670886,0.9113924050632911
0,52,200,200,40000,8.701958376582354,-0.0006465905578227458,1.0006465905578228,0.14130434782608695,0.8586956521739131
0,53,200,200,40000,9.81807860139866,-0.29332477154956005,1.29332477154956,0.10588235294117647,0.8941176470588236
0,54,200,200,40000,8.693764179675975,-0.02189845610614209,1.0218984561061422,0.15463917525773196,0.845360824742268
0,55,200,200,40000,7.849762436309126,0.17102750751340665,0.8289724924865933,0.15789473684210525,0.8421052631578947
0,56,200,200,40000,8.36788187718854,0.03835702251499669,0.9616429774850033,0.1,0.9
0,57,200,200,40000,8.531639475692229,-0.03544255407356447,1.0354425540735646,0.14130434782608695,0.8586956521739131
0,58,200,200,40000,8.821827274040414,-0.1281739404626122,1.128173940462612,0.11578947368421053,0.8842105263157894
0,59,200,200,40000,8.336217310547188,-0.05753357497972014,1.0575335749797201,0.1506849315068493,0.8493150684931507
1,2,200,200,40000,8.6752956900226,0.16816439448289347,0.8318356055171066,0.09183673469387756,0.9081632653061225
1,3,200,200,40000,7.975404485767125,0.2787788635837635,0.7212211364162364,0.15217391304347827,0.8478260869565217
1,4,200,200,40000,9.814443143185866,-0.11503139263624115,1.1150313926362412,0.125,0.875
1,5,200,200,40000,7.92113880494816,0.2640091760298507,0.7359908239701494,0.14772727272727273,0.8522727272727273
1,6,200,200,40000,9.079232863841256,0.022049817977064717,0.9779501820229353,0.12280701754385964,0.8771929824561404
1,7,200,200,40000,9.831337045564272,-0.16387838216218215,1.163878382162182,0.09345794392523364,0.9065420560747663
1,8,200,200,40000,9.571501482885733,-0.11908764219084388,1.1190876421908438,0.13095238095238096,0.8690476190476191
1,9,200,200,40000,10.360897173454502,-0.31480972288830417,1.3148097228883042,0.06060606060606061,0.9393939393939394
1,10,200,200,40000,7.3353344860125285,0.3365649559073241,0.663435044092676,0.1,0.9
1,11,200,200,40000,8.416610636114132,0.11368096367123888,0.8863190363287611,0.15384615384615385,0.8461538461538461
1,12,200,200,40000,7.566120753522601,0.28310349787998507,0.7168965021200149,0.08823529411764706,0.9117647058823529
1,13,200,200,40000,9.445577696754762,-0.13338931197780704,1.1333893119778071,0.13043478260869565,0.8695652173913043
1,14,200,200,40000,9.600182261863662,-0.1881649382330079,1.188164938233008,0.10227272727272728,0.8977272727272727
1,15,200,200,40000,9.284490688641073,-0.12274214040103043,1.1227421404010305,0.10638297872340426,0.8936170212765957
1,16,200,200,40000,7.578828393258475,0.2524116362052776,0.7475883637947224,0.14285714285714285,0.8571428571428572
1,17,200,200,40000,8.678920745123055,0.0072591602827265286,0.9927408397172734,0.1134020618556701,0.8865979381443299
1,18,200,200,40000,8.812318608841474,-0.030712385000676492,1.0307123850006765,0.10666666666666667,0.8933333333333333
1,19,200,200,40000,9.29092776099439,-0.16268100985937528,1.1626810098593752,0.11904761904761904,0.8809523809523809
1,20,200,200,40000,8.643785957437414,-0.012442045977721276,1.0124420459777212,0.0684931506849315,0.9315068493150684
1,21,200,200,40000,8.599044900657162,-0.0037920130849564766,1.0037920130849565,0.14864864864864866,0.8513513513513513
1,22,200,200,40000,9.674828409640583,-0.29935212534935385,1.2993521253493538,0.08695652173913043,0.9130434782608696
1,23,200,200,40000,7.33260876810957,0.2634348944772129,0.7365651055227871,0.17857142857142858,0.8214285714285714
1,24,200,200,40000,7.921354124397049,0.1253259123785492,0.8746740876214508,0.13953488372093023,0.8604651162790697
1,25,200,200,40000,8.461520674189495,-0.02398620007743418,1.0239862000774342,0.12658227848101267,0.8734177215189873
1,26,200,200,40000,7.885856749648965,0.10209120680821353,0.8979087931917865,0.13414634146341464,0.8658536585365854
1,27,200,200,40000,7.997609603888225,0.06664170731780585,0.9333582926821942,0.12048192771084337,0.8795180722891567
1,28,200,200,40000,6.782885242184813,0.33199564595599546,0.6680043540440046,0.125,0.875
1,29,200,200,40000,8.356393948912924,-0.11874140501313879,1.1187414050131388,0.12222222222222222,0.8777777777777778
1,30,200,200,40000,10.192589825232034,-0.048840573070813124,1.048840573070813,0.11333333333333333,0.8866666666666667
1,31,200,200,40000,9.916115020732565,-0.06783703094027622,1.0678370309402763,0.11235955056179775,0.8876404494382022
1,32,200,79,15800,8.222545494225113,0.2431270975733624,0.7568729024266376,0.16279069767441862,0.8372093023255813
1,33,200,200,40000,9.799446128081508,-0.09238583015925989,1.09238583015926,0.1,0.9
1,34,200,200,40000,10.845926194694227,-0.3594577007953047,1.3594577007953048,0.07920792079207921,0.9207920792079208
1,35,200,200,40000,9.11082659445919,0.014124255330348655,0.9858757446696513,0.14150943396226415,0.8584905660377359
1,36,200,200,40000,8.098856101342076,0.21248645190661475,0.7875135480933853,0.1590909090909091,0.8409090909090909
1,37,200,200,40000,9.866415061773647,-0.17761817585131182,1.1776181758513118,0.10126582278481013,0.8987341772151899
1,38,200,200,40000,8.133968208723658,0.19280601479167536,0.8071939852083246,0.15151515151515152,0.8484848484848485
1,39,200,200,40000,7.7858741412044745,0.2565485443048562,0.7434514556951438,0.12,0.88
1,40,200,200,40000,8.962642022161235,0.0005136537241585222,0.9994863462758414,0.1111111111111111,0.8888888888888888
1,41,200,200,40000,9.294832937845696,-0.09027020535241881,1.090270205352419,0.11688311688311688,0.8831168831168831
1,42,200,200,40000,9.652439224402022,-0.18483322774028207,1.184833227740282,0.10869565217391304,0.8913043478260869
1,43,200,200,40000,8.658163342883705,0.04106547884823067,0.9589345211517694,0.12162162162162163,0.8783783783783784
1,44,200,200,40000,8.538776541247282,0.06200532566057664,0.9379946743394234,0.12931034482758622,0.8706896551724138
1,45,200,200,40000,8.98715635543936,-0.05197873226598131,1.0519787322659813,0.11235955056179775,0.8876404494382022
1,46,200,178,35600,8.424054921246933,0.07022086534286597,0.929779134657134,0.1518987341772152,0.8481012658227848
1,47,200,149,29800,9.320316515135824,-0.15343623756223937,1.1534362375622393,0.08235294117647059,0.9176470588235294
1,48,200,200,40000,8.197822714428364,0.10886289464994428,0.8911371053500557,0.08333333333333333,0.9166666666666666
1,49,200,200,40000,8.283439537394688,0.0786268350829591,0.9213731649170409,0.12658227848101267,0.8734177215189873
1,50,200,200,40000,8.891910015944806,-0.07751393330197204,1.077513933301972,0.13861386138613863,0.8613861386138614
1,51,200,200,40000,8.541918883674597,0.0062979410763986604,0.9937020589236013,0.09090909090909091,0.9090909090909091
1,52,200,200,40000,7.770677183546083,0.16979634663215812,0.8302036533678419,0.1388888888888889,0.8611111111111112
1,53,200,200,40000,8.879574951375066,-0.10098335525226099,1.100983355252261,0.0967741935483871,0.9032258064516129
1,54,200,200,40000,7.785856484168103,0.14767228978060723,0.8523277102193928,0.16853932584269662,0.8314606741573034
1,55,200,200,40000,8.750694466051693,-0.1020861291991965,1.1020861291991966,0.14285714285714285,0.8571428571428572
1,56,200,200,40000,8.286596786115947,0.006382858184299755,0.9936171418157003,0.1,0.9
1,57,200,200,40000,7.564303597272947,0.1573541353660895,0.8426458646339106,0.1276595744680851,0.8723404255319149
1,58,200,200,40000,7.796829868746382,0.08891478975118351,0.9110852102488165,0.11764705882352941,0.8823529411764706
1,59,200,200,40000,7.7150012615048675,0.056929473137277496,0.9430705268627225,0.14285714285714285,0.8571428571428572
2,3,200,200,40000,9.945810259248239,-0.14520788252138822,1.1452078825213883,0.0989010989010989,0.9010989010989011
2,4,200,200,40000,10.54423166397963,-0.3140874358632939,1.314087435863294,0.12037037037037036,0.8796296296296297
2,5,200,200,40000,9.004788787939622,0.0274358818533927,0.9725641181466073,0.11206896551724138,0.8879310344827587
2,6,200,200,40000,8.907522914340522,0.038435753810592777,0.9615642461894072,0.10294117647058823,0.8970588235294118
2,7,200,200,40000,7.9001595507420825,0.23365572416664032,0.7663442758333596,0.09375,0.90625
2,8,200,200,40000,8.424389485521234,0.11527070192647637,0.8847292980735236,0.10576923076923077,0.8942307692307693
2,9,200,200,40000,9.833670552755528,-0.20955302312384427,1.2095530231238443,0.0603448275862069,0.9396551724137931
2,10,200,200,40000,7.390522738166493,0.31017145289875203,0.689828547101248,0.10588235294117647,0.8941176470588236
2,11,200,200,40000,9.562303553811102,-0.1735529810733095,1.1735529810733094,0.09734513274336283,0.9026548672566371
2,12,200,200,40000,9.75896107718305,-0.22855588313726374,1.2285558831372638,0.0625,0.9375
2,13,200,200,40000,9.280199900680927,-0.11870461743055111,1.118704617430551,0.13793103448275862,0.8620689655172413
2,14,200,200,40000,7.484183505678486,0.266793904986859,0.7332060950131409,0.09090909090909091,0.9090909090909091
2,15,200,200,40000,7.474764051228621,0.26097899223055515,0.7390210077694448,0.12222222222222222,0.8777777777777778
2,16,200,200,40000,8.204604916542813,0.09803417525322293,0.9019658247467771,0.12087912087912088,0.8791208791208791
2,17,200,200,40000,8.288368230293543,0.07418363086652033,0.9258163691334796,0.11711711711711711,0.8828828828828829
2,18,200,200,40000,7.90219799413127,0.15512184044844118,0.8448781595515589,0.11926605504587157,0.8807339449541285
2,19,200,200,40000,8.505747645277571,0.00588420650457668,0.9941157934954233,0.1271186440677966,0.8728813559322034
2,20,200,200,40000,8.318059446089899,0.04078602800324202,0.959213971996758,0.06557377049180328,0.9344262295081968
2,21,200,200,40000,8.645909485959631,-0.04083822713349091,1.0408382271334908,0.11382113821138211,0.8861788617886179
2,22,200,200,40000,8.489715868714546,-0.017403570702791187,1.017403570702791,0.07547169811320754,0.9245283018867925
2,23,200,200,40000,7.592259403730751,0.1851640599531487,0.8148359400468513,0.10377358490566038,0.8962264150943396
2,24,200,200,40000,9.024085036885648,-0.178466227764013,1.178466227764013,0.1,0.9
2,25,200,200,40000,8.124222812928307,0.0341981157443247,0.9658018842556753,0.10483870967741936,0.8951612903225806
2,26,200,200,40000,8.36033445927876,-0.045470524062510655,1.0454705240625106,0.11578947368421053,0.8842105263157894
2,27,200,200,40000,6.457975037820325,0.3951108146887192,0.6048891853112808,0.1,0.9
2,28,200,200,40000,8.67536500972916,-0.18107245984869755,1.1810724598486975,0.0970873786407767,0.9029126213592233
2,29,200,200,40000,7.770372024765354,0.018463227587788636,0.9815367724122114,0.09821428571428571,0.9017857142857143
2,30,200,200,40000,9.888034107665362,-0.005030356053289906,1.0050303560532898,0.12,0.88
2,31,200,200,40000,7.7837398667768785,0.3291517416318668,0.6708482583681332,0.13725490196078433,0.8627450980392157
2,32,200,79,15800,9.237793551063373,0.025131520538978117,0.9748684794610218,0.11702127659574468,0.8829787234042553
2,33,200,200,40000,8.304423499974385,0.19949421549044374,0.8005057845095562,0.07142857142857142,0.9285714285714286
2,34,200,200,40000,9.905991909853524,-0.15730326071191528,1.1573032607119154,0.0673076923076923,0.9326923076923077
2,35,200,200,40000,9.499678583319827,-0.09527747686314572,1.0952774768631457,0.10714285714285714,0.8928571428571429
2,36,200,200,40000,9.264959177046292,-0.0550416526510587,1.0550416526510586,0.10784313725490197,0.892156862745098
2,37,200,200,40000,8.814700467764249,0.04058121705441408,0.9594187829455859,0.12643678160919541,0.8735632183908046
2,38,200,200,40000,9.067227972061346,-0.027478434237862812,1.027478434237863,0.10185185185185185,0.8981481481481481
2,39,200,200,40000,8.225365913868071,0.1500385531110858,0.8499614468889142,0.09649122807017543,0.9035087719298246
2,40,200,200,40000,8.196498432694362,0.14640275210451986,0.8535972478954801,0.06593406593406594,0.9340659340659341
2,41,200,200,40000,10.125872245305874,-0.32549778676664537,1.3254977867666453,0.07692307692307693,0.9230769230769231
2,42,200,200,40000,9.650686205772093,-0.21138070255751437,1.2113807025575143,0.10526315789473684,0.8947368421052632
2,43,200,200,40000,8.781779873510192,-0.010315522796844829,1.0103155227968448,0.10843373493975904,0.891566265060241
2,44,200,200,40000,10.014466329507382,-0.32670167681193685,1.3267016768119368,0.10227272727272728,0.8977272727272727
2,45,200,200,40000,8.868785879900004,-0.048441565213299106,1.048441565213299,0.11650485436893204,0.883495145631068
2,46,200,178,35600,9.847288954660508,-0.3087549959840554,1.3087549959840554,0.11235955056179775,0.8876404494382022
2,47,200,149,29800,7.589348220795935,0.223993835884895,0.776006164115105,0.07317073170731707,0.926829268292683
2,48,200,200,40000,9.213628859019106,-0.1601044137725994,1.1601044137725993,0.06542056074766354,0.9345794392523364
2,49,200,200,40000,9.151138530708225,-0.1589953064936123,1.1589953064936123,0.07608695652173914,0.9239130434782609
2,50,200,200,40000,8.399073506069854,0.01765144656156533,0.9823485534384346,0.10526315789473684,0.8947368421052632
2,51,200,200,40000,8.592636795855059,-0.031599872480969016,1.031599872480969,0.07246376811594203,0.927536231884058
2,52,200,200,40000,7.317712421207401,0.24760786084598707,0.7523921391540129,0.10784313725490197,0.892156862745098
2,53,200,200,40000,8.826386652578996,-0.11533208399477597,1.115332083994776,0.0875,0.9125
2,54,200,200,40000,8.03914607719513,0.0626826901224029,0.9373173098775971,0.11956521739130435,0.8804347826086957
2,55,200,200,40000,8.166390913266035,0.020942095897261894,0.9790579041027381,0.1322314049586777,0.8677685950413223
2,56,200,200,40000,8.109945149015953,0.024061390571325825,0.9759386094286742,0.075,0.925
2,57,200,200,40000,7.875009377172985,0.052401149594248825,0.9475988504057512,0.10891089108910891,0.8910891089108911
2,58,200,200,40000,7.688049197891982,0.08913827687755023,0.9108617231224497,0.10126582278481013,0.8987341772151899
2,59,200,200,40000,7.986920325872832,-0.053552417660047785,1.0535524176600477,0.11363636363636363,0.8863636363636364
3,4,200,200,40000,8.423117082928874,0.13811273813909525,0.8618872618609048,0.1625,0.8375
3,5,200,200,40000,6.969219540995789,0.4010444609212158,0.5989555390787842,0.1271186440677966,0.8728813559322034
3,6,200,200,40000,8.717711741840809,0.05234366065814535,0.9476563393418547,0.10784313725490197,0.892156862745098
3,7,200,200,40000,8.651431495879327,0.05297565116520099,0.947024348834799,0.08181818181818182,0.9181818181818182
3,8,200,200,40000,9.758780341449198,-0.22413426004180445,1.2241342600418044,0.1411764705882353,0.8588235294117648
3,9,200,200,40000,8.093720804445864,0.15758817318239407,0.842411826817606,0.05263157894736842,0.9473684210526316
3,10,200,200,40000,9.807315811942942,-0.25705785291979855,1.2570578529197984,0.1,0.9
3,11,200,200,40000,9.086552735662424,-0.09112644954693681,1.0911264495469368,0.14285714285714285,0.8571428571428572
3,12,200,200,40000,7.613260356095282,0.2323362554852897,0.7676637445147103,0.0821917808219178,0.9178082191780822
3,13,200,200,40000,8.649164201142337,-0.0006192613015384887,1.0006192613015386,0.1375,0.8625
3,14,200,200,40000,8.886187460759778,-0.07227463386939499,1.072274633869395,0.12048192771084337,0.8795180722891567
3,15,200,200,40000,8.972727012002327,-0.10634454991376883,1.1063445499137687,0.10752688172043011,0.8924731182795699
3,16,200,200,40000,7.6639738131002115,0.18869802310235512,0.8113019768976448,0.18666666666666668,0.8133333333333334
3,17,200,200,40000,7.885489509114253,0.1356115944073939,0.8643884055926061,0.13095238095238096,0.8690476190476191
3,18,200,200,40000,9.162934201152073,-0.18032217167175313,1.1803221716717531,0.09411764705882353,0.9058823529411765
3,19,200,200,40000,9.053473190416414,-0.1665885086082829,1.166588508608283,0.12658227848101267,0.8734177215189873
3,20,200,200,40000,8.704075862841611,-0.08831134203579731,1.0883113420357973,0.06493506493506493,0.935064935064935
3,21,200,200,40000,8.130645466318803,0.05105022676504846,0.9489497732349516,0.14814814814814814,0.8518518518518519
3,22,200,200,40000,7.901686851953332,0.09177082777961779,0.9082291722203822,0.10526315789473684,0.8947368421052632
3,23,200,200,40000,7.200625664045944,0.24297808712108482,0.7570219128789152,0.13793103448275862,0.8620689655172413
3,24,200,200,40000,6.992789013224481,0.28129567367581043,0.7187043263241896,0.14457831325301204,0.8554216867469879
3,25,200,200,40000,7.669969031962087,0.11181693042465685,0.8881830695753432,0.13,0.87
3,26,200,200,40000,8.31259386171331,-0.07131569863509761,1.0713156986350976,0.12987012987012986,0.8701298701298701
3,27,200,200,40000,7.964524615463617,0.011341966674104796,0.9886580333258952,0.12987012987012986,0.8701298701298701
3,28,200,200,40000,7.084712913119451,0.2054015232933466,0.7945984767066534,0.14666666666666667,0.8533333333333333
3,29,200,200,40000,8.236613328094323,-0.1636870079555031,1.163687007955503,0.13333333333333333,0.8666666666666667
3,30,200,200,40000,9.16989267189236,0.11536368186638102,0.884636318133619,0.12389380530973451,0.8761061946902655
3,31,200,200,40000,10.494535535780269,-0.25191248180224257,1.2519124818022425,0.13793103448275862,0.8620689655172413
3,32,200,79,15800,8.729986862873334,0.10571983503489217,0.8942801649651079,0.17142857142857143,0.8285714285714285
3,33,200,200,40000,9.059811249085929,0.02081830542340969,0.9791816945765903,0.1111111111111111,0.8888888888888888
3,34,200,200,40000,9.494616507192992,-0.09287811398920141,1.0928781139892014,0.10810810810810811,0.8918918918918919
3,35,200,200,40000,8.238318089802105,0.15286632720979212,0.8471336727902079,0.14444444444444443,0.8555555555555556
3,36,200,200,40000,7.86780859450169,0.21748806641705468,0.7825119335829454,0.11904761904761904,0.8809523809523809
3,37,200,200,40000,8.912061453987443,-0.009814903912292715,1.0098149039122928,0.09523809523809523,0.9047619047619048
3,38,200,200,40000,7.7714113136179925,0.22359964571377094,0.776400354286229,0.15730337078651685,0.8426966292134832
3,39,200,200,40000,8.322194452619422,0.10316286194572777,0.8968371380542722,0.15463917525773196,0.845360824742268
3,40,200,200,40000,8.570956228651115,0.03712472497543983,0.9628752750245602,0.13043478260869565,0.8695652173913043
3,41,200,200,40000,9.207123383510114,-0.1276018781209338,1.1276018781209338,0.10294117647058823,0.8970588235294118
3,42,200,200,40000,9.585282357233101,-0.23138159338266964,1.2313815933826697,0.12658227848101267,0.8734177215189873
3,43,200,200,40000,8.147663687171478,0.1042076746379927,0.8957923253620073,0.16901408450704225,0.8309859154929577
3,44,200,200,40000,7.916538750480518,0.14940888910814243,0.8505911108918576,0.15294117647058825,0.8470588235294118
3,45,200,200,40000,9.161795116399725,-0.1554643868149257,1.1554643868149257,0.1388888888888889,0.8611111111111112
3,46,200,178,35600,7.854871750128687,0.1463283848555404,0.8536716151444597,0.18055555555555555,0.8194444444444444
3,47,200,149,29800,9.622236951593747,-0.30018386730812496,1.300183867308125,0.06896551724137931,0.9310344827586207
3,48,200,200,40000,7.431838559341473,0.2268003568556008,0.7731996431443993,0.09333333333333334,0.9066666666666666
3,49,200,200,40000,8.31072997210636,0.016319331079257152,0.9836806689207428,0.14444444444444443,0.8555555555555556
3,50,200,200,40000,8.995212734059557,-0.16865966323599482,1.168659663235995,0.1188118811881188,0.8811881188118812
3,51,200,200,40000,8.21360074272832,0.027409376215393223,0.9725906237846068,0.1,0.9
3,52,200,200,40000,7.631653176047695,0.14838653083973016,0.8516134691602698,0.14814814814814814,0.8518518518518519
3,53,200,200,40000,7.012214520246874,0.28296429502376813,0.7170357049762319,0.14457831325301204,0.8554216867469879
3,54,200,200,40000,7.796756188918247,0.08816729316835495,0.9118327068316451,0.16455696202531644,0.8354430379746836
3,55,200,200,40000,8.316346555985957,-0.05432011065270179,1.0543201106527018,0.14606741573033707,0.8539325842696629
3,56,200,200,40000,7.974951573383684,0.0224011520865341,0.9775988479134659,0.12162162162162163,0.8783783783783784
3,57,200,200,40000,8.228268414607067,-0.08133972689209844,1.0813397268920983,0.11956521739130435,0.8804347826086957
3,58,200,200,40000,8.524633867837927,-0.1817292282232831,1.1817292282232832,0.11764705882352941,0.8823529411764706
3,59,200,200,40000,6.691021212240843,0.2617693656488148,0.7382306343511852,0.1506849315068493,0.8493150684931507
4,5,200,200,40000,9.255495304275506,-0.08021815817122564,1.0802181581712256,0.13846153846153847,0.8615384615384616
4,6,200,200,40000,9.580656204907445,-0.17023123859312345,1.1702312385931235,0.12037037037037036,0.8796296296296297
4,7,200,200,40000,9.87159277035027,-0.2612983907585258,1.2612983907585258,0.10126582278481013,0.8987341772151899
4,8,200,200,40000,8.044848987036982,0.1497167825147457,0.8502832174852543,0.1411764705882353,0.8588235294117648
4,9,200,200,40000,8.630954115892202,0.01939376803050039,0.9806062319694996,0.08955223880597014,0.9104477611940298
4,10,200,200,40000,9.905269052379863,-0.31191593014379665,1.3119159301437966,0.12162162162162163,0.8783783783783784
4,11,200,200,40000,8.354383246800404,0.05650809506608397,0.943491904933916,0.13793103448275862,0.8620689655172413
4,12,200,200,40000,7.923864984164382,0.14757787021921567,0.8524221297807844,0.10666666666666667,0.8933333333333333
4,13,200,200,40000,7.807936188508359,0.16590370087300035,0.8340962991269997,0.15555555555555556,0.8444444444444444
4,14,200,200,40000,8.390655507696218,0.02153327494994527,0.9784667250500547,0.13186813186813187,0.8681318681318682
4,15,200,200,40000,8.82876789473463,-0.09710248077266179,1.0971024807726617,0.12941176470588237,0.8705882352941177
4,16,200,200,40000,9.621916891078891,-0.3180607856334467,1.3180607856334468,0.15476190476190477,0.8452380952380952
4,17,200,200,40000,8.539410357072596,-0.04192293666881099,1.041922936668811,0.1368421052631579,0.8631578947368421
4,18,200,200,40000,9.415366314480641,-0.27796480467434476,1.2779648046743448,0.12643678160919541,0.8735632183908046
4,19,200,200,40000,8.68368489087243,-0.0991059224584992,1.0991059224584991,0.14423076923076922,0.8557692307692308
4,20,200,200,40000,8.283004806974763,-0.009345737129119293,1.0093457371291192,0.0963855421686747,0.9036144578313253
4,21,200,200,40000,9.223173455810286,-0.2586914525257816,1.2586914525257815,0.1375,0.8625
4,22,200,200,40000,6.75380756837444,0.3242582841795489,0.6757417158204511,0.0967741935483871,0.9032258064516129
4,23,200,200,40000,8.327167955766075,-0.05009045138060433,1.0500904513806044,0.13580246913580246,0.8641975308641976
4,24,200,200,40000,7.564496149233592,0.12915058428681395,0.8708494157131861,0.14285714285714285,0.8571428571428572
4,25,200,200,40000,8.326221417823003,-0.08322421387455206,1.083224213874552,0.13402061855670103,0.865979381443299
4,26,200,200,40000,8.165252131216723,-0.06163610616862413,1.0616361061686241,0.12987012987012986,0.8701298701298701
4,27,200,200,40000,7.848513076318941,0.012996989880809957,0.98700301011919,0.14666666666666667,0.8533333333333333
4,28,200,200,40000,6.491471502130697,0.32057855576809624,0.6794214442319038,0.18627450980392157,0.8137254901960784
4,29,200,200,40000,8.793339375573703,-0.38150913863601815,1.381509138636018,0.13157894736842105,0.868421052631579
4,30,200,200,40000,10.259690752347545,-0.13037335244611692,1.1303733524461168,0.10989010989010989,0.8901098901098901
4,31,200,200,40000,10.002925948489372,-0.16056866175740087,1.160568661757401,0.1511627906976744,0.8488372093023255
4,32,200,79,15800,8.534250754729968,0.12751904393439922,0.8724809560656008,0.13953488372093023,0.8604651162790697
4,33,200,200,40000,8.998631959059077,0.013399772172570231,0.9866002278274297,0.125,0.875
4,34,200,200,40000,8.463717966679823,0.11274846348280437,0.8872515365171956,0.09090909090909091,0.9090909090909091
4,35,200,200,40000,8.91776564949745,-0.015034636445687734,1.0150346364456877,0.13924050632911392,0.8607594936708861
4,36,200,200,40000,9.194532895644398,-0.09355280984625156,1.0935528098462515,0.12371134020618557,0.8762886597938144
4,37,200,200,40000,8.616952509295372,0.034530193250071464,0.9654698067499285,0.12987012987012986,0.8701298701298701
4,38,200,200,40000,9.675153786874203,-0.2327181820689331,1.232718182068933,0.11904761904761904,0.8809523809523809
4,39,200,200,40000,8.552521140348485,0.03048590072507202,0.9695140992749279,0.10843373493975904,0.891566265060241
4,40,200,200,40000,10.272630341868988,-0.4173077841217683,1.4173077841217683,0.07042253521126761,0.9295774647887324
4,41,200,200,40000,9.304878614798895,-0.1790141718768751,1.1790141718768752,0.09722222222222222,0.9027777777777778
4,42,200,200,40000,7.298240791164237,0.2715584770978662,0.7284415229021338,0.14285714285714285,0.8571428571428572
4,43,200,200,40000,8.311710580558362,0.04446451031361798,0.955535489686382,0.14666666666666667,0.8533333333333333
4,44,200,200,40000,6.933286511202337,0.33295859893502555,0.6670414010649744,0.15584415584415584,0.8441558441558441
4,45,200,200,40000,6.091626087404752,0.4818297513951942,0.5181702486048059,0.15384615384615385,0.8461538461538461
4,46,200,178,35600,6.742252935709474,0.35764907894866277,0.6423509210513372,0.17391304347826086,0.8260869565217391
4,47,200,149,29800,8.162497414900676,0.04490578092287706,0.955094219077123,0.09090909090909091,0.9090909090909091
4,48,200,200,40000,7.041098367749377,0.2887502391065809,0.7112497608934192,0.10714285714285714,0.8928571428571429
4,49,200,200,40000,8.222713054452534,0.012289458904064217,0.9877105410959358,0.13414634146341464,0.8658536585365854
4,50,200,200,40000,9.024144735889612,-0.20645562865250577,1.2064556286525057,0.11702127659574468,0.8829787234042553
4,51,200,200,40000,8.088966615544962,0.03224477038685106,0.967755229613149,0.10666666666666667,0.8933333333333333
4,52,200,200,40000,7.8627255241695195,0.06925796405126813,0.9307420359487318,0.14772727272727273,0.8522727272727273
4,53,200,200,40000,7.7061155791062825,0.10335770100202263,0.8966422989979774,0.1625,0.8375
4,54,200,200,40000,8.464725170150308,-0.11106852678383493,1.111068526783835,0.16455696202531644,0.8354430379746836
4,55,200,200,40000,8.174196775080148,-0.04587817470837044,1.0458781747083705,0.16091954022988506,0.8390804597701149
4,56,200,200,40000,7.978815483518783,-0.006908018349472855,1.0069080183494727,0.10204081632653061,0.8979591836734694
4,57,200,200,40000,7.515723050139747,0.0802412366517207,0.9197587633482793,0.14814814814814814,0.8518518518518519
4,58,200,200,40000,8.562974736294468,-0.22792638904178014,1.2279263890417802,0.11392405063291139,0.8860759493670887
4,59,200,200,40000,7.595065736282299,-0.016667444921779538,1.0166674449217796,0.15853658536585366,0.8414634146341463
5,6,200,200,40000,8.070927691100179,0.15600401218443352,0.8439959878155665,0.12389380530973451,0.8761061946902655
5,7,200,200,40000,8.806010626356601,-0.020165994570306735,1.0201659945703068,0.10843373493975904,0.891566265060241
5,8,200,200,40000,8.104561195548474,0.12234695960106427,0.8776530403989358,0.13333333333333333,0.8666666666666667
5,9,200,200,40000,9.198653891558253,-0.13282869607671,1.13282869607671,0.07216494845360824,0.9278350515463918
5,10,200,200,40000,8.22034682076013,0.08174782024464765,0.9182521797553523,0.112,0.888
5,11,200,200,40000,6.717868644316953,0.3802355655578089,0.6197644344421911,0.12612612612612611,0.8738738738738738
5,12,200,200,40000,8.938454638571388,-0.10478650548184325,1.1047865054818433,0.0784313725490196,0.9215686274509804
5,13,200,200,40000,8.282627327467994,0.044051202348253826,0.9559487976517462,0.1368421052631579,0.8631578947368421
5,14,200,200,40000,8.948954905264538,-0.1337803222763715,1.1337803222763716,0.11206896551724138,0.8879310344827587
5,15,200,200,40000,8.64084748045286,-0.06951399633652448,1.0695139963365246,0.11965811965811966,0.8803418803418803
5,16,200,200,40000,7.567713234187868,0.17331056056795022,0.8266894394320498,0.12727272727272726,0.8727272727272728
5,17,200,200,40000,8.59028327290191,-0.07390083217803121,1.0739008321780312,0.1326530612244898,0.8673469387755102
5,18,200,200,40000,8.666454231852622,-0.10075428777647648,1.1007542877764764,0.12048192771084337,0.8795180722891567
5,19,200,200,40000,6.994724893431173,0.277966499174323,0.7220335008256771,0.1348314606741573,0.8651685393258427
5,20,200,200,40000,8.674934789314648,-0.12975528130361602,1.129755281303616,0.08433734939759036,0.9156626506024097
5,21,200,200,40000,8.399901427204101,-0.06082060493782304,1.060820604937823,0.13414634146341464,0.8658536585365854
5,22,200,200,40000,8.410814015679218,-0.08060565595822228,1.0806056559582222,0.08264462809917356,0.9173553719008265
5,23,200,200,40000,7.4286622613093005,0.152205539686902,0.847794460313098,0.11827956989247312,0.8817204301075269
5,24,200,200,40000,8.287141848437999,-0.07169080803946846,1.0716908080394685,0.12643678160919541,0.8735632183908046
5,25,200,200,40000,6.110233417796831,0.4187700046720777,0.5812299953279223,0.12631578947368421,0.8736842105263158
5,26,200,200,40000,7.571837457164013,0.07317989901372392,0.9268201009862761,0.12195121951219512,0.8780487804878049
5,27,200,200,40000,8.222691084124193,-0.11068173393184255,1.1106817339318424,0.1125,0.8875
5,28,200,200,40000,7.1678700229918135,0.1382547167532327,0.8617452832467674,0.12048192771084337,0.8795180722891567
5,29,200,200,40000,7.023810927861868,0.1305365660043901,0.8694634339956099,0.1206896551724138,0.8793103448275862
5,30,200,200,40000,8.841864334685914,0.15159979439117946,0.8484002056088206,0.11594202898550725,0.8840579710144928
5,31,200,200,40000,10.129200480277959,-0.20805154509665172,1.2080515450966518,0.13392857142857142,0.8660714285714286
5,32,200,79,15800,8.365399607587221,0.14895557531049636,0.8510444246895037,0.13008130081300814,0.8699186991869918
5,33,200,200,40000,9.26759858979361,-0.06283309066415652,1.0628330906641565,0.09243697478991597,0.907563025210084
5,34,200,200,40000,8.949262259955363,-0.007715969184462839,1.0077159691844628,0.08411214953271028,0.9158878504672897
5,35,200,200,40000,8.188972108020417,0.13010112599909848,0.8698988740009015,0.125,0.875
5,36,200,200,40000,8.446368218059261,0.061959130072573636,0.9380408699274264,0.12643678160919541,0.8735632183908046
5,37,200,200,40000,8.606015989267581,0.02089146417317067,0.9791085358268293,0.11627906976744186,0.8837209302325582
5,38,200,200,40000,7.432511335858552,0.2607566038395414,0.7392433961604585,0.11458333333333333,0.8854166666666666
5,39,200,200,40000,8.166045922533183,0.10117003253856763,0.8988299674614324,0.104,0.896
5,40,200,200,40000,8.039911022119345,0.11799162156479416,0.8820083784352059,0.07339449541284404,0.926605504587156
5,41,200,200,40000,9.428991874258202,-0.23170335180829776,1.2317033518082978,0.08737864077669903,0.912621359223301
5,42,200,200,40000,10.178180360913974,-0.44634624121926897,1.446346241219269,0.11504424778761062,0.8849557522123894
5,43,200,200,40000,7.087580328716368,0.2940813930109201,0.7059186069890799,0.1111111111111111,0.8888888888888888
5,44,200,200,40000,8.005240036362894,0.091989814008618,0.9080101859913821,0.13414634146341464,0.8658536585365854
5,45,200,200,40000,7.688399123704528,0.1536362468031052,0.8463637531968948,0.12195121951219512,0.8780487804878049
5,46,200,178,35600,9.14748705114823,-0.2128830718590577,1.2128830718590577,0.12389380530973451,0.8761061946902655
5,47,200,149,29800,8.951372921774922,-0.1721573778411002,1.1721573778411,0.08737864077669903,0.912621359223301
5,48,200,200,40000,7.121765072036568,0.2576812131778732,0.7423187868221268,0.09166666666666666,0.9083333333333333
5,49,200,200,40000,8.678652489045492,-0.1227773819259778,1.1227773819259779,0.10666666666666667,0.8933333333333333
5,50,200,200,40000,7.717197700394449,0.10536091535994666,0.8946390846400534,0.11363636363636363,0.8863636363636364
5,51,200,200,40000,8.8437193112956,-0.18239326566691147,1.1823932656669114,0.09782608695652174,0.9021739130434783
5,52,200,200,40000,8.113424263294652,-0.012264634343777545,1.0122646343437776,0.12598425196850394,0.8740157480314961
5,53,200,200,40000,9.00542667586222,-0.2573061631740149,1.257306163174015,0.09876543209876543,0.9012345679012346
5,54,200,200,40000,6.977953303960419,0.23872262538145217,0.7612773746185478,0.12941176470588237,0.8705882352941177
5,55,200,200,40000,8.169703717525861,-0.06614554831719865,1.0661455483171987,0.14545454545454545,0.8545454545454545
5,56,200,200,40000,8.41177077167564,-0.146634717493569,1.146634717493569,0.09411764705882353,0.9058823529411765
5,57,200,200,40000,8.468564663089785,-0.20752917408796914,1.2075291740879692,0.12280701754385964,0.8771929824561404
5,58,200,200,40000,8.134058864399488,-0.12618347557351228,1.1261834755735123,0.11627906976744186,0.8837209302325582
5,59,200,200,40000,7.767111469871894,-0.09377272375839886,1.093772723758399,0.1276595744680851,0.8723404255319149
6,7,200,200,40000,8.935186558280682,-0.062371469315414284,1.0623714693154143,0.10204081632653061,0.8979591836734694
6,8,200,200,40000,9.682748187553543,-0.2676478706809701,1.2676478706809702,0.11538461538461539,0.8846153846153846
6,9,200,200,40000,8.778633128778305,-0.04369355726935893,1.0436935572693589,0.05813953488372093,0.9418604651162791
6,10,200,200,40000,9.82677840756263,-0.32839975591676357,1.3283997559167635,0.10679611650485436,0.8932038834951457
6,11,200,200,40000,8.017362504560321,0.10539404953836895,0.894605950461631,0.12244897959183673,0.8775510204081632
6,12,200,200,40000,8.054504330267854,0.09257404917103987,0.9074259508289602,0.07777777777777778,0.9222222222222223
6,13,200,200,40000,9.072731256825614,-0.16166822495157032,1.1616682249515704,0.13541666666666666,0.8645833333333334
6,14,200,200,40000,9.045822970851814,-0.1727693223969749,1.1727693223969748,0.09195402298850575,0.9080459770114943
6,15,200,200,40000,8.59926380523007,-0.07241989156522322,1.0724198915652232,0.1276595744680851,0.8723404255319149
6,16,200,200,40000,7.940106012715802,0.07738874621132125,0.9226112537886788,0.13333333333333333,0.8666666666666667
6,17,200,200,40000,7.147267615069659,0.24954460998322134,0.7504553900167786,0.13592233009708737,0.8640776699029127
6,18,200,200,40000,9.435987650611919,-0.32318597190502785,1.3231859719050278,0.11650485436893204,0.883495145631068
6,19,200,200,40000,7.791155450560838,0.08918958427223886,0.9108104157277611,0.1320754716981132,0.8679245283018868
6,20,200,200,40000,8.373773521434703,-0.06551858299961633,1.0655185829996163,0.07142857142857142,0.9285714285714286
6,21,200,200,40000,8.61402635690141,-0.1309885991925655,1.1309885991925654,0.1511627906976744,0.8488372093023255
6,22,200,200,40000,8.565590206399063,-0.13635511000063258,1.1363551100006326,0.08130081300813008,0.9186991869918699
6,23,200,200,40000,6.127553537700833,0.42109699167904086,0.5789030083209592,0.12631578947368421,0.8736842105263158
6,24,200,200,40000,8.103776257101659,-0.037918802787378914,1.037918802787379,0.1414141414141414,0.8585858585858586
6,25,200,200,40000,8.037356466202853,-0.042396952334465235,1.0423969523344652,0.11926605504587157,0.8807339449541285
6,26,200,200,40000,8.194872750424475,-0.1076801622568384,1.1076801622568384,0.11650485436893204,0.883495145631068
6,27,200,200,40000,8.031453986865204,-0.07325170013562755,1.0732517001356277,0.10101010101010101,0.898989898989899
6,28,200,200,40000,7.992682461753573,-0.10151650425082213,1.1015165042508221,0.11224489795918367,0.8877551020408163
6,29,200,200,40000,6.060124962909748,0.3622849861086041,0.6377150138913958,0.12844036697247707,0.8715596330275229
6,30,200,200,40000,8.420077755409316,0.22470516705424895,0.7752948329457511,0.12280701754385964,0.8771929824561404
6,31,200,200,40000,9.83655798740692,-0.15092817832764852,1.1509281783276486,0.12612612612612611,0.8738738738738738
6,32,200,79,15800,8.811779710531848,0.04556733055043649,0.9544326694495635,0.12631578947368421,0.8736842105263158
6,33,200,200,40000,9.140542549640214,-0.04505594852856893,1.0450559485285689,0.08247422680412371,0.9175257731958762
6,34,200,200,40000,9.37427517460115,-0.11788631582205662,1.1178863158220567,0.08333333333333333,0.9166666666666666
6,35,200,200,40000,8.499390276679403,0.0522850462743331,0.9477149537256669,0.125,0.875
6,36,200,200,40000,7.11670995148107,0.3264332714098795,0.6735667285901206,0.16304347826086957,0.8369565217391304
6,37,200,200,40000,10.126458672343459,-0.3713627152027692,1.3713627152027692,0.1,0.9
6,38,200,200,40000,6.375609799638382,0.44975342414729413,0.5502465758527059,0.13,0.87
6,39,200,200,40000,8.051817392928053,0.11582051426265634,0.8841794857373436,0.11538461538461539,0.8846153846153846
6,40,200,200,40000,9.520034043045635,-0.25210915870841877,1.2521091587084188,0.07446808510638298,0.925531914893617
6,41,200,200,40000,7.406789215312914,0.23180350405518257,0.7681964959448174,0.1125,0.8875
6,42,200,200,40000,9.031489484651347,-0.1517381614823934,1.1517381614823934,0.10869565217391304,0.8913043478260869
6,43,200,200,40000,9.235958685655962,-0.21679226782106423,1.2167922678210643,0.1,0.9
6,44,200,200,40000,8.294617128668499,0.012576859450150338,0.9874231405498497,0.14,0.86
6,45,200,200,40000,8.498572740594419,-0.0487154916420239,1.0487154916420238,0.11458333333333333,0.8854166666666666
6,46,200,178,35600,9.92703754881746,-0.4474910631169138,1.4474910631169138,0.12162162162162163,0.8783783783783784
6,47,200,149,29800,7.580992932895283,0.15103061698625375,0.8489693830137462,0.09900990099009901,0.900990099009901
6,48,200,200,40000,8.043086775976905,0.037800436300479696,0.9621995636995203,0.08333333333333333,0.9166666666666666
6,49,200,200,40000,7.8720900590664185,0.06630723374492484,0.9336927662550751,0.10891089108910891,0.8910891089108911
6,50,200,200,40000,6.847584572610795,0.2889662702132459,0.7110337297867542,0.14563106796116504,0.854368932038835
6,51,200,200,40000,8.88947690113781,-0.21038317466184034,1.2103831746618403,0.10344827586206896,0.896551724137931
6,52,200,200,40000,7.904171374979959,0.027090717238777578,0.9729092827612225,0.13,0.87
6,53,200,200,40000,8.36465444614815,-0.09645427958625495,1.0964542795862549,0.08791208791208792,0.9120879120879121
6,54,200,200,40000,7.304389825480705,0.15088130870510663,0.8491186912948934,0.14893617021276595,0.851063829787234
6,55,200,200,40000,7.085229965387131,0.19383022054072954,0.8061697794592705,0.16822429906542055,0.8317757009345794
6,56,200,200,40000,8.07565208369673,-0.06924021762336804,1.069240217623368,0.08823529411764706,0.9117647058823529
6,57,200,200,40000,7.1187096075115575,0.14777694765874994,0.8522230523412501,0.15053763440860216,0.8494623655913979
6,58,200,200,40000,7.259828983596211,0.09991761614706142,0.9000823838529386,0.12149532710280374,0.8785046728971962
6,59,200,200,40000,6.590415382506465,0.22422573234008483,0.7757742676599152,0.125,0.875
7,8,200,200,40000,8.860629634028685,-0.07842176073923118,1.0784217607392312,0.10344827586206896,0.896551724137931
7,9,200,200,40000,5.933780302991465,0.5155946196840006,0.48440538031599945,0.09302325581395349,0.9069767441860466
7,10,200,200,40000,8.259438754458698,0.046581674099560995,0.953418325900439,0.09345794392523364,0.9065420560747663
7,11,200,200,40000,9.543536744561079,-0.28914373853533754,1.2891437385353375,0.10309278350515463,0.8969072164948454
7,12,200,200,40000,8.65854688406411,-0.06636255392574686,1.0663625539257469,0.08,0.92
7,13,200,200,40000,8.272967872540404,0.018391187499786705,0.9816088125002133,0.11827956989247312,0.8817204301075269
7,14,200,200,40000,5.8339867744387774,0.5057553042406745,0.4942446957593255,0.1125,0.8875
7,15,200,200,40000,7.521857336393984,0.16637620873963685,0.8336237912603631,0.1,0.9
7,16,200,200,40000,7.315304141038353,0.20387696346274703,0.7961230365372529,0.10309278350515463,0.8969072164948454
7,17,200,200,40000,7.199408617074818,0.22459291130001685,0.7754070886999831,0.11235955056179775,0.8876404494382022
7,18,200,200,40000,7.222625847978261,0.21425643308727335,0.7857435669127266,0.1038961038961039,0.8961038961038961
7,19,200,200,40000,8.352147793971284,-0.06705477121612013,1.06705477121612,0.11494252873563218,0.8850574712643678
7,20,200,200,40000,7.270953333370135,0.18473118183391282,0.8152688181660872,0.09090909090909091,0.9090909090909091
7,21,200,200,40000,8.94673319724015,-0.24280759721413425,1.2428075972141341,0.10144927536231885,0.8985507246376812
7,22,200,200,40000,7.613519413465235,0.08873810348339348,0.9112618965166065,0.08631332481907195,0.913686675180928
7,23,200,200,40000,8.834463866589667,-0.24631598928595475,1.2463159892859548,0.10619469026548672,0.8938053097345133
7,24,200,200,40000,7.628571113583603,0.06490087238409735,0.9350991276159026,0.09876543209876543,0.9012345679012346
7,25,200,200,40000,8.570829408272292,-0.21172019285550953,1.2117201928555095,0.0975609756097561,0.9024390243902439
7,26,200,200,40000,7.498854505152155,0.05912341725228799,0.940876582747712,0.11392405063291139,0.8860759493670887
7,27,200,200,40000,7.9329299670474125,-0.06727975355697353,1.0672797535569736,0.10256410256410256,0.8974358974358975
7,28,200,200,40000,7.669352240465203,-0.031629752630676355,1.0316297526306764,0.09090909090909091,0.9090909090909091
7,29,200,200,40000,6.681728720720648,0.18702917799134083,0.8129708220086591,0.0975609756097561,0.9024390243902439
7,30,200,200,40000,8.023363506138974,0.2887508092336259,0.711249190766374,0.11016949152542373,0.8898305084745762
7,31,200,200,40000,8.23336975380493,0.1838675140234314,0.8161324859765686,0.11538461538461539,0.8846153846153846
7,32,200,79,15800,10.319696907876036,-0.329177833743857,1.3291778337438571,0.08771929824561403,0.9122807017543859
7,33,200,200,40000,7.963807833853297,0.1953593523347395,0.8046406476652606,0.07228915662650602,0.927710843373494
7,34,200,200,40000,9.031562369278166,-0.05327024801476008,1.05327024801476,0.07246376811594203,0.927536231884058
7,35,200,200,40000,7.279074110599105,0.29412100336394664,0.7058789966360534,0.11428571428571428,0.8857142857142857
7,36,200,200,40000,8.711910028152401,-0.025320898503805978,1.025320898503806,0.0990990990990991,0.9009009009009009
7,37,200,200,40000,7.154374160091866,0.30469098123126803,0.695309018768732,0.11,0.89
7,38,200,200,40000,8.25170221537161,0.06306723016046191,0.9369327698395381,0.08695652173913043,0.9130434782608696
7,39,200,200,40000,8.052457319206681,0.1013235934194453,0.8986764065805547,0.09259259259259259,0.9074074074074074
7,40,200,200,40000,8.561265122728395,-0.028899190601806818,1.0288991906018068,0.06060606060606061,0.9393939393939394
7,41,200,200,40000,8.953867706073632,-0.14230684157395676,1.1423068415739568,0.0875,0.9125
7,42,200,200,40000,8.612680048310297,-0.06462759700211915,1.064627597002119,0.09836065573770492,0.9016393442622951
7,43,200,200,40000,8.95443189756546,-0.1626996062353273,1.1626996062353272,0.08450704225352113,0.9154929577464789
7,44,200,200,40000,8.821854571513198,-0.13645382286889138,1.1364538228688914,0.10101010101010101,0.898989898989899
7,45,200,200,40000,9.233574188805125,-0.2600422509755007,1.2600422509755007,0.09900990099009901,0.900990099009901
7,46,200,178,35600,8.766083924198757,-0.14662793490316198,1.146627934903162,0.1111111111111111,0.8888888888888888
7,47,200,149,29800,8.096092420070711,0.013369844189246936,0.9866301558107531,0.1,0.9
7,48,200,200,40000,8.9713680755954,-0.22029299301030592,1.220292993010306,0.08045977011494253,0.9195402298850575
7,49,200,200,40000,7.909305360116896,0.0401826257937517,0.9598173742062484,0.08823529411764706,0.9117647058823529
7,50,200,200,40000,8.55967094595191,-0.13888191788050502,1.138881917880505,0.09375,0.90625
7,51,200,200,40000,7.819171520740807,0.0494169660973657,0.9505830339026343,0.08974358974358974,0.9102564102564102
7,52,200,200,40000,7.421817074284031,0.1278535299341081,0.8721464700658919,0.10869565217391304,0.8913043478260869
7,53,200,200,40000,6.996886381490393,0.22346744553551645,0.7765325544644835,0.08333333333333333,0.9166666666666666
7,54,200,200,40000,8.143070163776413,-0.08175428236814913,1.0817542823681492,0.11,0.89
7,55,200,200,40000,8.148313411184194,-0.09629615397105058,1.0962961539710505,0.12380952380952381,0.8761904761904762
7,56,200,200,40000,7.570351585728931,0.04531414406749378,0.9546858559325062,0.08256880733944955,0.9174311926605505
7,57,200,200,40000,8.392606908922367,-0.22660540508894725,1.2266054050889472,0.10465116279069768,0.8953488372093024
7,58,200,200,40000,6.982608944857107,0.152526361154878,0.8474736388451221,0.09523809523809523,0.9047619047619048
7,59,200,200,40000,6.9338922770199165,0.11027311011735219,0.8897268898826478,0.11594202898550725,0.8840579710144928
8,9,200,200,40000,9.353139513185772,-0.22366338744160424,1.2236633874416043,0.07894736842105263,0.9210526315789473
8,10,200,200,40000,6.712459291232301,0.35973747730639194,0.6402625226936081,0.1125,0.8875
8,11,200,200,40000,7.584495935117786,0.17221824867257554,0.8277817513274245,0.1326530612244898,0.8673469387755102
8,12,200,200,40000,10.035794202088377,-0.4572607892342823,1.4572607892342824,0.07608695652173914,0.9239130434782609
8,13,200,200,40000,7.941033713649433,0.08002297100226928,0.9199770289977307,0.13533834586466165,0.8646616541353384
8,14,200,200,40000,7.877776834789185,0.08032395122399659,0.9196760487760034,0.12121212121212122,0.8787878787878788
8,15,200,200,40000,8.502073152497115,-0.08508945111987253,1.0850894511198725,0.11627906976744186,0.8837209302325582
8,16,200,200,40000,9.157832622751283,-0.2727621926108356,1.2727621926108357,0.14018691588785046,0.8598130841121495
8,17,200,200,40000,8.397654325605478,-0.07620677138609618,1.076206771386096,0.12631578947368421,0.8736842105263158
8,18,200,200,40000,6.833722013077765,0.28391944851145645,0.7160805514885435,0.12149532710280374,0.8785046728971962
8,19,200,200,40000,7.5645491326112495,0.10979623662756753,0.8902037633724325,0.13043478260869565,0.8695652173913043
8,20,200,200,40000,8.756942074992004,-0.20912166535710136,1.2091216653571013,0.08974358974358974,0.9102564102564102
8,21,200,200,40000,7.920120169396905,0.01003741815294594,0.9899625818470541,0.13095238095238096,0.8690476190476191
8,22,200,200,40000,6.972264782708877,0.2227239155055271,0.7772760844944729,0.0989010989010989,0.9010989010989011
8,23,200,200,40000,7.894179691247082,-0.011185498756084801,1.0111854987560849,0.1375,0.8625
8,24,200,200,40000,8.564436014210614,-0.20615937197338804,1.206159371973388,0.13043478260869565,0.8695652173913043
8,25,200,200,40000,6.130491805652265,0.37799805959183364,0.6220019404081664,0.12941176470588237,0.8705882352941177
8,26,200,200,40000,7.563308382100043,0.022296051104823262,0.9777039488951768,0.13043478260869565,0.8695652173913043
8,27,200,200,40000,7.475191452286795,0.03597083499873108,0.9640291650012689,0.14457831325301204,0.8554216867469879
8,28,200,200,40000,7.168281603599747,0.08436549437844643,0.9156345056215536,0.1232876712328767,0.8767123287671232
8,29,200,200,40000,6.968890273151634,0.08682856454425562,0.9131714354557444,0.13095238095238096,0.8690476190476191
8,30,200,200,40000,10.142115975153045,-0.1620917551229705,1.1620917551229706,0.11851851851851852,0.8814814814814815
8,31,200,200,40000,9.224890993458448,-0.041045615590883246,1.0410456155908832,0.13253012048192772,0.8674698795180723
8,32,200,79,15800,8.257876406419664,0.13738796256054725,0.8626120374394528,0.13414634146341464,0.8658536585365854
8,33,200,200,40000,7.542676131975832,0.2676750487119512,0.7323249512880488,0.11627906976744186,0.8837209302325582
8,34,200,200,40000,8.754880595600202,-0.005031638395378233,1.0050316383953781,0.0945945945945946,0.9054054054054054
8,35,200,200,40000,8.0019833176672,0.1333212728574933,0.8666787271425067,0.14130434782608695,0.8586956521739131
8,36,200,200,40000,10.094154697741072,-0.39889526721145574,1.3988952672114556,0.12345679012345678,0.8765432098765432
8,37,200,200,40000,8.309365432730289,0.04675322766083549,0.9532467723391645,0.11392405063291139,0.8860759493670887
8,38,200,200,40000,9.557726045972183,-0.2777952179958905,1.2777952179958905,0.12903225806451613,0.8709677419354839
8,39,200,200,40000,8.329189038282175,0.0224358828562388,0.9775641171437612,0.10819418144258909,0.8918058185574109
8,40,200,200,40000,8.866524235368587,-0.12221758552809611,1.122217585528096,0.0975609756097561,0.9024390243902439
8,41,200,200,40000,9.130878771622834,-0.20820456172538937,1.2082045617253894,0.10869565217391304,0.8913043478260869
8,42,200,200,40000,7.964796123324173,0.07398425291322241,0.9260157470867776,0.12941176470588237,0.8705882352941177
8,43,200,200,40000,8.693485176602834,-0.11480864351934668,1.1148086435193467,0.12857142857142856,0.8714285714285714
8,44,200,200,40000,7.879507116696646,0.07795673802259337,0.9220432619774066,0.13793103448275862,0.8620689655172413
8,45,200,200,40000,5.949253599675909,0.4694601866845716,0.5305398133154284,0.13953488372093023,0.8604651162790697
8,46,200,178,35600,7.779834942274018,0.08159135035666659,0.9184086496433335,0.14,0.86
8,47,200,149,29800,8.379240901977017,-0.07646586102627384,1.0764658610262738,0.08602150537634409,0.9139784946236559
8,48,200,200,40000,8.002266675750104,0.012764845258629616,0.9872351547413704,0.0963855421686747,0.9036144578313253
8,49,200,200,40000,8.575375809828248,-0.15066992239548033,1.1506699223954804,0.1282051282051282,0.8717948717948718
8,50,200,200,40000,8.337883020871462,-0.10023448989077077,1.1002344898907708,0.12195121951219512,0.8780487804878049
8,51,200,200,40000,8.949671004923966,-0.2719153675262533,1.2719153675262533,0.09210526315789473,0.9078947368421053
8,52,200,200,40000,8.60023107047122,-0.19865900084281607,1.1986590008428162,0.1375,0.8625
8,53,200,200,40000,8.75085980724524,-0.2470478563962853,1.2470478563962852,0.10975609756097561,0.8902439024390244
8,54,200,200,40000,6.904520612036602,0.21212501296541922,0.7878749870345808,0.13402061855670103,0.865979381443299
8,55,200,200,40000,8.03762658585272,-0.08742303108368658,1.0874230310836865,0.13725490196078433,0.8627450980392157
8,56,200,200,40000,7.45787677622755,0.054908069030624757,0.9450919309693753,0.11392405063291139,0.8860759493670887
8,57,200,200,40000,8.691266097466476,-0.3453078619461967,1.3453078619461967,0.11827956989247312,0.8817204301075269
8,58,200,200,40000,7.661784403423769,-0.052493890218153615,1.0524938902181535,0.12222222222222222,0.8777777777777778
8,59,200,200,40000,7.531139407265757,-0.08969613099992664,1.0896961309999267,0.13924050632911392,0.8607594936708861
9,10,200,200,40000,9.85189943494895,-0.3819146954697788,1.3819146954697787,0.05970149253731343,0.9402985074626866
9,11,200,200,40000,8.77784622327251,-0.11096818939035119,1.1109681893903511,0.08571428571428572,0.9142857142857143
9,12,200,200,40000,7.9159239940438475,0.09190900156620772,0.9080909984337923,0.08695652173913043,0.9130434782608696
9,13,200,200,40000,8.652574764324134,-0.09446110490224152,1.0944611049022415,0.0759493670886076,0.9240506329113924
9,14,200,200,40000,6.769042215368467,0.32014659292616826,0.6798534070738318,0.1076923076923077,0.8923076923076922
9,15,200,200,40000,8.55969756179656,-0.10199991134745152,1.1019999113474515,0.06666666666666667,0.9333333333333333
9,16,200,200,40000,7.621262175462489,0.11791677335555642,0.8820832266444436,0.06944444444444445,0.9305555555555556
9,17,200,200,40000,7.3720018796892015,0.1699554192094562,0.8300445807905438,0.07407407407407407,0.9259259259259259
9,18,200,200,40000,7.460732603866836,0.14378908310518054,0.8562109168948194,0.07692307692307693,0.9230769230769231
9,19,200,200,40000,7.805303993090027,0.049876099722438894,0.9501239002775611,0.07894736842105263,0.9210526315789473
9,20,200,200,40000,6.765780552360536,0.28001761242849754,0.7199823875715025,0.12244897959183673,0.8775510204081632
9,21,200,200,40000,8.70509768320169,-0.20011317130266862,1.2001131713026687,0.05555555555555555,0.9444444444444444
9,22,200,200,40000,6.458375040697808,0.33319421918010245,0.6668057808198975,0.08450704225352113,0.9154929577464789
9,23,200,200,40000,7.956624657999332,-0.0296208883439069,1.0296208883439069,0.08108108108108109,0.9189189189189189
9,24,200,200,40000,6.449749454915072,0.32113526355409294,0.6788647364459071,0.06896551724137931,0.9310344827586207
9,25,200,200,40000,7.811596586402791,-0.024982592871102532,1.0249825928711025,0.07692307692307693,0.9230769230769231
9,26,200,200,40000,8.058473849434996,-0.11592571937040788,1.115925719370408,0.07575757575757576,0.9242424242424242
9,27,200,200,40000,8.756291158649661,-0.33656310061472255,1.3365631006147225,0.1016949152542373,0.8983050847457628
9,28,200,200,40000,7.699567890958253,-0.06535055794752712,1.065350557947527,0.06097560975609756,0.9390243902439024
9,29,200,200,40000,6.846167290698186,0.11875645015151978,0.8812435498484802,0.06796116504854369,0.9320388349514563
9,30,200,200,40000,8.883231042419094,0.1116806729913986,0.8883193270086014,0.05660377358490566,0.9433962264150944
9,31,200,200,40000,9.590647742843103,-0.12767496111035723,1.1276749611103571,0.08433734939759036,0.9156626506024097
9,32,200,79,15800,10.529712525277196,-0.4076390527406178,1.4076390527406177,0.05405405405405406,0.9459459459459459
9,33,200,200,40000,8.186823424556243,0.13530531532036574,0.8646946846796343,0.07692307692307693,0.9230769230769231
9,34,200,200,40000,8.36828708641956,0.08038758072135446,0.9196124192786456,0.06896551724137931,0.9310344827586207
9,35,200,200,40000,8.014760725085488,0.12904386039655447,0.8709561396034455,0.1044776119402985,0.8955223880597015
9,36,200,200,40000,8.359872691702622,0.03885317954106539,0.9611468204589346,0.05405405405405406,0.9459459459459459
9,37,200,200,40000,8.243925553069994,0.06004600757736773,0.9399539924226322,0.08695652173913043,0.9130434782608696
9,38,200,200,40000,8.767738578123481,-0.07722676488943843,1.0772267648894385,0.04819277108433735,0.9518072289156626
9,39,200,200,40000,8.382897387739279,0.007994238725904927,0.9920057612740951,0.043010752688172046,0.956989247311828
9,40,200,200,40000,8.60322766171719,-0.05847926144939062,1.0584792614493905,0.04477611940298507,0.9552238805970149
9,41,200,200,40000,8.483704284084103,-0.044847915667145404,1.0448479156671453,0.08571428571428572,0.9142857142857143
9,42,200,200,40000,7.705096415150717,0.13181523653683763,0.8681847634631623,0.0847457627118644,0.9152542372881356
9,43,200,200,40000,8.98862007710029,-0.19413928698795763,1.1941392869879577,0.06779661016949153,0.9322033898305084
9,44,200,200,40000,7.987544971403615,0.050623725481569334,0.9493762745184307,0.08,0.92
9,45,200,200,40000,8.594527529795057,-0.11254339776422301,1.112543397764223,0.0875,0.9125
9,46,200,178,35600,8.072039501740655,0.009075941004904484,0.9909240589950955,0.0784313725490196,0.9215686274509804
9,47,200,149,29800,8.276710767928282,-0.052235674991165285,1.0522356749911652,0.08450704225352113,0.9154929577464789
9,48,200,200,40000,7.032303159247318,0.23727167413789574,0.7627283258621043,0.09230769230769231,0.9076923076923077
9,49,200,200,40000,8.18169965443894,-0.04890456567327704,1.048904565673277,0.07407407407407407,0.9259259259259259
9,50,200,200,40000,8.756045314578989,-0.21671039732222613,1.2167103973222262,0.05747126436781609,0.9425287356321839
9,51,200,200,40000,7.940639517778006,-0.001365173539351605,1.0013651735393516,0.05555555555555555,0.9444444444444444
9,52,200,200,40000,8.929470206337735,-0.29581837550522805,1.295818375505228,0.08333333333333333,0.9166666666666666
9,53,200,200,40000,6.935426013471522,0.22003708707522063,0.7799629129247794,0.07352941176470588,0.9264705882352942
9,54,200,200,40000,8.407208141915623,-0.1795270883761413,1.1795270883761413,0.06578947368421052,0.9342105263157895
9,55,200,200,40000,8.144448871608857,-0.11950721304505327,1.1195072130450532,0.07228915662650602,0.927710843373494
9,56,200,200,40000,7.0062362341968285,0.1668845241026846,0.8331154758973154,0.0625,0.9375
9,57,200,200,40000,7.031422945833698,0.13005915579244784,0.8699408442075521,0.07407407407407407,0.9259259259259259
9,58,200,200,40000,7.802933861494375,-0.09576099442644902,1.095760994426449,0.05405405405405406,0.9459459459459459
9,59,200,200,40000,6.302959474944794,0.2571786178573556,0.7428213821426444,0.12280701754385964,0.8771929824561404
10,11,200,200,40000,7.852599313090956,0.09628684771640152,0.9037131522835985,0.1,0.9
10,12,200,200,40000,8.359006988876445,-0.029438720018215788,1.0294387200182158,0.07352941176470588,0.9264705882352942
10,13,200,200,40000,8.166951719619835,0.00872912985802963,0.9912708701419704,0.125,0.875
10,14,200,200,40000,8.456920499339077,-0.08017928519193504,1.080179285191935,0.09090909090909091,0.9090909090909091
10,15,200,200,40000,7.915496830921749,0.041725190272632835,0.9582748097273671,0.12857142857142856,0.8714285714285714
10,16,200,200,40000,7.252927374003256,0.18728143878240655,0.8127185612175934,0.11842105263157894,0.881578947368421
10,17,200,200,40000,8.936766759802383,-0.24287998018482962,1.2428799801848296,0.1111111111111111,0.8888888888888888
10,18,200,200,40000,6.8338935656630975,0.26928764163354546,0.7307123583664545,0.13157894736842105,0.868421052631579
10,19,200,200,40000,7.957043536316719,-0.0054250660116019695,1.005425066011602,0.11764705882352941,0.8823529411764706
10,20,200,200,40000,8.014729152572654,-0.031960005597374656,1.0319600055973746,0.07575757575757576,0.9242424242424242
10,21,200,200,40000,7.5315453952181475,0.08721072110192736,0.9127892788980726,0.11392405063291139,0.8860759493670887
10,22,200,200,40000,8.156302640336616,-0.08974380499353943,1.0897438049935395,0.07894736842105263,0.9210526315789473
10,23,200,200,40000,8.503295225541228,-0.19951707205106736,1.1995170720510673,0.1095890410958904,0.8904109589041096
10,24,200,200,40000,8.113880620148212,-0.103692611428238,1.103692611428238,0.1038961038961039,0.8961038961038961
10,25,200,200,40000,7.711660301383246,-0.017959629885247925,1.017959629885248,0.10588235294117647,0.8941176470588236
10,26,200,200,40000,7.356950757790638,0.05531964921321281,0.9446803507867871,0.1038961038961039,0.8961038961038961
10,27,200,200,40000,7.300210650306036,0.06072942992085595,0.939270570079144,0.11538461538461539,0.8846153846153846
10,28,200,200,40000,6.937216061673762,0.12394359579640951,0.8760564042035905,0.1095890410958904,0.8904109589041096
10,29,200,200,40000,7.318064316722546,-0.04019471574468519,1.0401947157446851,0.10256410256410256,0.8974358974358975
10,30,200,200,40000,10.404530347459449,-0.24268140382149894,1.242681403821499,0.09174311926605505,0.908256880733945
10,31,200,200,40000,8.90706282923236,0.014799959831178128,0.9852000401688219,0.11764705882352941,0.8823529411764706
10,32,200,79,15800,7.541705947454315,0.27008695999457916,0.7299130400054208,0.11688311688311688,0.8831168831168831
10,33,200,200,40000,7.749306035138215,0.21442663508119264,0.7855733649188074,0.09836065573770492,0.9016393442622951
10,34,200,200,40000,8.53412602574876,0.029161025071875755,0.9708389749281242,0.06493506493506493,0.935064935064935
10,35,200,200,40000,8.195290881513621,0.0752798761839467,0.9247201238160533,0.10714285714285714,0.8928571428571429
10,36,200,200,40000,9.492461593207043,-0.2588510828293961,1.2588510828293962,0.11267605633802817,0.8873239436619719
10,37,200,200,40000,6.823603748802337,0.3459963685522987,0.6540036314477014,0.12658227848101267,0.8734177215189873
10,38,200,200,40000,8.236672448628623,0.034099126782179946,0.96590087321782,0.09836065573770492,0.9016393442622951
10,39,200,200,40000,8.324985892989085,0.005869903074102553,0.9941300969258975,0.09090909090909091,0.9090909090909091
10,40,200,200,40000,7.927030168067193,0.08669301266677927,0.9133069873332207,0.06060606060606061,0.9393939393939394
10,41,200,200,40000,8.187790984281941,0.010646301058626486,0.9893536989413735,0.07272727272727272,0.9272727272727272
10,42,200,200,40000,8.630513791344095,-0.10767366759789124,1.1076736675978913,0.11475409836065574,0.8852459016393442
10,43,200,200,40000,7.204091316371753,0.22033252440615916,0.7796674755938409,0.11475409836065574,0.8852459016393442
10,44,200,200,40000,7.785854406295186,0.08260211406636585,0.9173978859336341,0.10606060606060606,0.8939393939393939
10,45,200,200,40000,7.116473631204101,0.22467864562488774,0.7753213543751123,0.1232876712328767,0.8767123287671232
10,46,200,178,35600,7.88059383599839,0.03914862051982297,0.9608513794801771,0.11864406779661017,0.8813559322033898
10,47,200,149,29800,7.786948346831111,0.05262561686858006,0.94737438313142,0.07894736842105263,0.9210526315789473
10,48,200,200,40000,8.848525523167748,-0.23181557409381692,1.231815574093817,0.06451612903225806,0.935483870967742
10,49,200,200,40000,6.949470304479207,0.23113579100991782,0.7688642089900821,0.09523809523809523,0.9047619047619048
10,50,200,200,40000,8.469013050015246,-0.15817723152473162,1.1581772315247316,0.1,0.9
10,51,200,200,40000,7.349407620801571,0.1274946730840914,0.8725053269159087,0.07142857142857142,0.9285714285714286
10,52,200,200,40000,6.908832603059015,0.2142420519273715,0.7857579480726284,0.11940298507462686,0.8805970149253731
10,53,200,200,40000,8.62946938366511,-0.23712744497130855,1.2371274449713086,0.0821917808219178,0.9178082191780822
10,54,200,200,40000,7.119766571079849,0.1423897823499692,0.8576102176500308,0.1095890410958904,0.8904109589041096
10,55,200,200,40000,8.435829014115617,-0.2254933332810462,1.2254933332810463,0.12087912087912088,0.8791208791208791
10,56,200,200,40000,7.715315370613714,-0.035685746902926176,1.0356857469029261,0.09375,0.90625
10,57,200,200,40000,7.704016765079182,-0.07337991073088539,1.0733799107308855,0.11666666666666667,0.8833333333333333
10,58,200,200,40000,6.638315589814086,0.20059478338683231,0.7994052166131677,0.1111111111111111,0.8888888888888888
10,59,200,200,40000,7.063569237390003,0.025198319318826393,0.9748016806811736,0.11940298507462686,0.8805970149253731
11,12,200,200,40000,8.731144189545422,-0.13790462999788003,1.1379046299978801,0.10256410256410256,0.8974358974358975
11,13,200,200,40000,9.400770950931763,-0.3308693294084095,1.3308693294084095,0.12371134020618557,0.8762886597938144
11,14,200,200,40000,8.17596029324395,-0.023150674727794484,1.0231506747277945,0.12,0.88
11,15,200,200,40000,8.717985711920125,-0.17856419130583673,1.1785641913058367,0.10344827586206896,0.896551724137931
11,16,200,200,40000,8.921980152319547,-0.247836433227912,1.247836433227912,0.14130434782608695,0.8586956521739131
11,17,200,200,40000,9.017486193992655,-0.2828543211418211,1.282854321141821,0.125,0.875
11,18,200,200,40000,7.644093757951392,0.0719665481863955,0.9280334518136045,0.1111111111111111,0.8888888888888888
11,19,200,200,40000,7.671113812321365,0.05248975799357446,0.9475102420064255,0.1188118811881188,0.8811881188118812
11,20,200,200,40000,7.461468257678945,0.09337247678440995,0.90662752321559,0.09210526315789473,0.9078947368421053
11,21,200,200,40000,7.5418961240934355,0.07132119834544695,0.9286788016545531,0.13793103448275862,0.8620689655172413
11,22,200,200,40000,7.969267378354843,-0.05519699773949424,1.0551969977394942,0.10666666666666667,0.8933333333333333
11,23,200,200,40000,6.380883014213337,0.31852931498397286,0.6814706850160271,0.19047619047619047,0.8095238095238095
11,24,200,200,40000,7.750772785467924,-0.021226321829960253,1.0212263218299602,0.15,0.85
11,25,200,200,40000,6.6094684212557375,0.2445778244164821,0.7554221755835179,0.13725490196078433,0.8627450980392157
11,26,200,200,40000,6.945877033908494,0.1465042402640298,0.8534957597359702,0.14772727272727273,0.8522727272727273
11,27,200,200,40000,6.436531917176431,0.26285330220823755,0.7371466977917625,0.13333333333333333,0.8666666666666667
11,28,200,200,40000,6.649515514491277,0.18374370531320916,0.8162562946867908,0.12987012987012986,0.8701298701298701
11,29,200,200,40000,6.429799729521172,0.19574255532294174,0.8042574446770583,0.12941176470588237,0.8705882352941177
11,30,200,200,40000,9.909746327046628,-0.13724108748052918,1.1372410874805292,0.10416666666666667,0.8958333333333334
11,31,200,200,40000,9.458746105203861,-0.12497815731942943,1.1249781573194295,0.12658227848101267,0.8734177215189873
11,32,200,79,15800,7.94497883002593,0.18016583218272064,0.8198341678172794,0.13924050632911392,0.8607594936708861
11,33,200,200,40000,8.51976993232944,0.03841030059057728,0.9615896994094227,0.1,0.9
11,34,200,200,40000,7.738145649796212,0.19306449666303407,0.806935503336966,0.1,0.9
11,35,200,200,40000,8.667633381300588,-0.04727611103381032,1.0472761110338102,0.1411764705882353,0.8588235294117648
11,36,200,200,40000,9.70767877327444,-0.3331961913688748,1.3331961913688748,0.12,0.88
11,37,200,200,40000,8.618822443086552,-0.05675520021764636,1.0567552002176464,0.10975609756097561,0.8902439024390244
11,38,200,200,40000,8.327387104430768,0.0001609131735926864,0.9998390868264073,0.11627906976744186,0.8837209302325582
11,39,200,200,40000,8.250845059011043,0.011002645170878813,0.9889973548291212,0.11494252873563218,0.8850574712643678
11,40,200,200,40000,8.762838014493902,-0.13053572312507405,1.130535723125074,0.08421052631578947,0.9157894736842105
11,41,200,200,40000,8.911035026710161,-0.18729972775919534,1.1872997277591955,0.109375,0.890625
11,42,200,200,40000,7.833788625650375,0.07532502584868891,0.9246749741513111,0.125,0.875
11,43,200,200,40000,7.8191439300059375,0.06902680609544437,0.9309731939045556,0.12,0.88
11,44,200,200,40000,7.0128214618515905,0.24573471086333382,0.7542652891366661,0.1590909090909091,0.8409090909090909
11,45,200,200,40000,6.518939191188202,0.34054103604957736,0.6594589639504227,0.13253012048192772,0.8674698795180723
11,46,200,178,35600,8.249557306206688,-0.06769487575087876,1.0676948757508788,0.14864864864864866,0.8513513513513513
11,47,200,149,29800,8.110862476447293,-0.04245833044882863,1.0424583304488286,0.1134020618556701,0.8865979381443299
11,48,200,200,40000,6.353988305056149,0.35732737853640756,0.6426726214635925,0.10989010989010989,0.8901098901098901
11,49,200,200,40000,7.433078812491267,0.10689814388811537,0.8931018561118846,0.136986301369863,0.863013698630137
11,50,200,200,40000,7.75605824879869,0.015584299414211796,0.9844157005857882,0.11827956989247312,0.8817204301075269
11,51,200,200,40000,8.179779259784526,-0.09807254664989112,1.098072546649891,0.1111111111111111,0.8888888888888888
11,52,200,200,40000,8.182886492807965,-0.12259770963499128,1.1225977096349913,0.14084507042253522,0.8591549295774648
11,53,200,200,40000,8.532467814088191,-0.226904079823401,1.226904079823401,0.1111111111111111,0.8888888888888888
11,54,200,200,40000,7.698078180694421,-0.020584775688320442,1.0205847756883204,0.13541666666666666,0.8645833333333334
11,55,200,200,40000,7.655564023969936,-0.021801211737812038,1.0218012117378121,0.14285714285714285,0.8571428571428572
11,56,200,200,40000,8.044767975991773,-0.1453565073475203,1.1453565073475203,0.10294117647058823,0.8970588235294118
11,57,200,200,40000,7.99737785705264,-0.1778598005119288,1.1778598005119287,0.14457831325301204,0.8554216867469879
11,58,200,200,40000,8.012052158728114,-0.20073048256978884,1.2007304825697889,0.10126582278481013,0.8987341772151899
11,59,200,200,40000,7.644748459170556,-0.17422441026165517,1.1742244102616552,0.14285714285714285,0.8571428571428572
12,13,200,200,40000,7.906017744595579,0.05363968010583557,0.9463603198941645,0.08333333333333333,0.9166666666666666
12,14,200,200,40000,8.9569528895037,-0.23477502731172803,1.234775027311728,0.08571428571428572,0.9142857142857143
12,15,200,200,40000,7.626725124985459,0.0931973130883688,0.9068026869116312,0.07608695652173914,0.9239130434782609
12,16,200,200,40000,7.836741522171313,0.032178789266413904,0.9678212107335861,0.08450704225352113,0.9154929577464789
12,17,200,200,40000,8.035307010901244,-0.023995820237272043,1.023995820237272,0.08333333333333333,0.9166666666666666
12,18,200,200,40000,8.783387328463279,-0.2329993673996523,1.2329993673996522,0.08108108108108109,0.9189189189189189
12,19,200,200,40000,9.79859063762492,-0.556965230367088,1.556965230367088,0.07407407407407407,0.9259259259259259
12,20,200,200,40000,6.622664362965056,0.28242040144740366,0.7175795985525963,0.08333333333333333,0.9166666666666666
12,21,200,200,40000,8.896957547282303,-0.3018225685758648,1.3018225685758649,0.06666666666666667,0.9333333333333333
12,22,200,200,40000,7.046633239134891,0.171472284467452,0.828527715532548,0.08450704225352113,0.9154929577464789
12,23,200,200,40000,7.759096094735368,-0.018020674725229103,1.0180206747252292,0.1038961038961039,0.8961038961038961
12,24,200,200,40000,5.964165534030805,0.3956142668971884,0.6043857331028115,0.0963855421686747,0.9036144578313253
12,25,200,200,40000,7.828920330993912,-0.07254441240471263,1.0725444124047125,0.08602150537634409,0.9139784946236559
12,26,200,200,40000,8.056761570543516,-0.16246228681102318,1.1624622868110233,0.08571428571428572,0.9142857142857143
12,27,200,200,40000,8.193586769997445,-0.21607089554992456,1.2160708955499246,0.08888888888888889,0.9111111111111111
12,28,200,200,40000,6.523795036330444,0.20981717938380573,0.7901828206161943,0.0958904109589041,0.904109589041096
12,29,200,200,40000,7.452209191569516,-0.10848857594770593,1.108488575947706,0.07407407407407407,0.9259259259259259
12,30,200,200,40000,10.071297323879215,-0.1806618727087104,1.1806618727087104,0.058333333333333334,0.9416666666666667
12,31,200,200,40000,10.042511083998383,-0.27567561030398324,1.2756756103039832,0.07692307692307693,0.9230769230769231
12,32,200,79,15800,8.918454512937597,-0.03996087940279084,1.0399608794027908,0.07936507936507936,0.9206349206349207
12,33,200,200,40000,9.253793986538444,-0.14098335253421698,1.140983352534217,0.056338028169014086,0.9436619718309859
12,34,200,200,40000,9.091407749755012,-0.12093856910578095,1.120938569105781,0.07017543859649122,0.9298245614035088
12,35,200,200,40000,8.677465222874154,-0.0549425565201323,1.0549425565201322,0.0958904109589041,0.904109589041096
12,36,200,200,40000,7.135022652015418,0.2767278722180718,0.7232721277819282,0.06944444444444445,0.9305555555555556
12,37,200,200,40000,8.404032567640506,-0.00983980580120997,1.00983980580121,0.07462686567164178,0.9253731343283582
12,38,200,200,40000,7.782459435526295,0.12228140432063178,0.8777185956793683,0.06796116504854369,0.9320388349514563
12,39,200,200,40000,8.37164058759156,-0.023494785366288847,1.0234947853662888,0.06796116504854369,0.9320388349514563
12,40,200,200,40000,8.567413018117643,-0.0863945309413124,1.0863945309413123,0.05714285714285714,0.9428571428571428
12,41,200,200,40000,6.850396153204765,0.29455817827565056,0.7054418217243494,0.1,0.9
12,42,200,200,40000,7.797293617664679,0.07895428857405817,0.9210457114259418,0.08064516129032258,0.9193548387096774
12,43,200,200,40000,8.995723656742355,-0.23905179047197964,1.2390517904719796,0.07142857142857142,0.9285714285714286
12,44,200,200,40000,7.758892845746356,0.07148027793140428,0.9285197220685957,0.09090909090909091,0.9090909090909091
12,45,200,200,40000,8.40590823759581,-0.10328639264962763,1.1032863926496277,0.08333333333333333,0.9166666666666666
12,46,200,178,35600,7.4934535770645425,0.11432433566262404,0.885675664337376,0.10344827586206896,0.896551724137931
12,47,200,149,29800,6.536511141046309,0.31977433396327476,0.6802256660367252,0.11428571428571428,0.8857142857142857
12,48,200,200,40000,7.710648139761107,0.046834942776841026,0.9531650572231589,0.08333333333333333,0.9166666666666666
12,49,200,200,40000,6.559747073669375,0.3011186138475239,0.6988813861524761,0.09230769230769231,0.9076923076923077
12,50,200,200,40000,8.711587146988945,-0.2505055751628072,1.2505055751628071,0.07407407407407407,0.9259259259259259
12,51,200,200,40000,7.661764495539618,0.03155285373786171,0.9684471462621382,0.08433734939759036,0.9156626506024097
12,52,200,200,40000,7.030392928306705,0.16838679277314955,0.8316132072268505,0.09375,0.90625
12,53,200,200,40000,7.247219808311849,0.11190590966854864,0.8880940903314514,0.08333333333333333,0.9166666666666666
12,54,200,200,40000,8.772740784681048,-0.33733542572181063,1.3373354257218106,0.0759493670886076,0.9240506329113924
12,55,200,200,40000,8.1239010382141,-0.15977271553327538,1.1597727155332753,0.08139534883720931,0.9186046511627907
12,56,200,200,40000,7.0197064856641544,0.12656472870398155,0.8734352712960185,0.0684931506849315,0.9315068493150684
12,57,200,200,40000,6.234780283319243,0.29023008521663546,0.7097699147833645,0.10126582278481013,0.8987341772151899
12,58,200,200,40000,7.371599120650113,-0.018250980423759205,1.0182509804237592,0.06756756756756757,0.9324324324324325
12,59,200,200,40000,6.634774668371192,0.12438354318684526,0.8756164568131547,0.10144927536231885,0.8985507246376812
13,14,200,200,40000,8.731315002696027,-0.18403152852116783,1.1840315285211678,0.12359550561797752,0.8764044943820225
13,15,200,200,40000,7.762602399324094,0.051842340836470636,0.9481576591635293,0.14942528735632185,0.8505747126436781
13,16,200,200,40000,8.142250436906195,-0.05462972746173829,1.0546297274617382,0.17073170731707318,0.8292682926829268
13,17,200,200,40000,7.396734287828785,0.12428767395481281,0.8757123260451872,0.14563106796116504,0.854368932038835
13,18,200,200,40000,7.71919880023571,0.03907387580492163,0.9609261241950784,0.12195121951219512,0.8780487804878049
13,19,200,200,40000,6.912057433501365,0.21920804674719993,0.7807919532528,0.16853932584269662,0.8314606741573034
13,20,200,200,40000,7.810040911533772,-0.009397757687148331,1.0093977576871482,0.08602150537634409,0.9139784946236559
13,21,200,200,40000,8.342850616339453,-0.15526795521965955,1.1552679552196596,0.14492753623188406,0.855072463768116
13,22,200,200,40000,7.8830704575767045,-0.048863618014609464,1.0488636180146094,0.09523809523809523,0.9047619047619048
13,23,200,200,40000,8.472869069451022,-0.22755500509883608,1.2275550050988362,0.13414634146341464,0.8658536585365854
13,24,200,200,40000,7.30525062777111,0.07884851028952355,0.9211514897104764,0.13043478260869565,0.8695652173913043
13,25,200,200,40000,7.833622286395327,-0.08504409048953358,1.0850440904895335,0.125,0.875
13,26,200,200,40000,7.034479267581429,0.10849221984212959,0.8915077801578704,0.15789473684210525,0.8421052631578947
13,27,200,200,40000,8.887518977531231,-0.4493586226426798,1.4493586226426798,0.1282051282051282,0.8717948717948718
13,28,200,200,40000,7.636947072628039,-0.107059030049425,1.107059030049425,0.1282051282051282,0.8717948717948718
13,29,200,200,40000,8.26309355745637,-0.391682202872696,1.391682202872696,0.12903225806451613,0.8709677419354839
13,30,200,200,40000,7.77511823366749,0.3028825383655583,0.6971174616344418,0.15178571428571427,0.8482142857142857
13,31,200,200,40000,7.721271396001836,0.24584815911651478,0.7541518408834852,0.16822429906542055,0.8317757009345794
13,32,200,79,15800,8.91301055913951,-0.046860064856763264,1.0468600648567632,0.1527777777777778,0.8472222222222222
13,33,200,200,40000,8.861646290056,-0.05416861363204567,1.0541686136320456,0.09859154929577464,0.9014084507042254
13,34,200,200,40000,9.289330541860188,-0.18010315064680146,1.1801031506468014,0.09090909090909091,0.9090909090909091
13,35,200,200,40000,6.59953218802489,0.38589706869187984,0.6141029313081201,0.13592233009708737,0.8640776699029127
13,36,200,200,40000,7.642211168942457,0.16310572275743376,0.8368942772425663,0.1326530612244898,0.8673469387755102
13,37,200,200,40000,5.685746323195875,0.5346992787920909,0.4653007212079091,0.14102564102564102,0.858974358974359
13,38,200,200,40000,8.29047261177664,-0.004709073507493109,1.004709073507493,0.14285714285714285,0.8571428571428572
13,39,200,200,40000,9.51035746836693,-0.33252478984044576,1.3325247898404458,0.12087912087912088,0.8791208791208791
13,40,200,200,40000,7.939716765416844,0.05878202553886496,0.9412179744611351,0.09230769230769231,0.9076923076923077
13,41,200,200,40000,7.790512100503683,0.07950136659099953,0.9204986334090005,0.0989010989010989,0.9010989010989011
13,42,200,200,40000,8.41814329253858,-0.08322808505644488,1.0832280850564449,0.12987012987012986,0.8701298701298701
13,43,200,200,40000,8.0860293915695,-0.010194079986290069,1.01019407998629,0.1375,0.8625
13,44,200,200,40000,9.464460409537677,-0.3943807646261675,1.3943807646261674,0.13978494623655913,0.8602150537634409
13,45,200,200,40000,7.7739144424264905,0.04771630527411591,0.9522836947258841,0.13402061855670103,0.865979381443299
13,46,200,178,35600,6.750777558314382,0.2745652386879327,0.7254347613120673,0.15789473684210525,0.8421052631578947
13,47,200,149,29800,7.335425818354369,0.13462853114325912,0.8653714688567409,0.10666666666666667,0.8933333333333333
13,48,200,200,40000,8.413284165032927,-0.14600421621385826,1.1460042162138582,0.0875,0.9125
13,49,200,200,40000,9.335543658349012,-0.432580512541731,1.432580512541731,0.10994505494505494,0.8900549450549451
13,50,200,200,40000,7.2217907270963115,0.13355431219568636,0.8664456878043136,0.13333333333333333,0.8666666666666667
13,51,200,200,40000,9.041063387517429,-0.3634705727377356,1.3634705727377356,0.10256410256410256,0.8974358974358975
13,52,200,200,40000,7.639841026613526,0.006633257870181136,0.9933667421298189,0.14942528735632185,0.8505747126436781
13,53,200,200,40000,7.060504474564386,0.14876845822932686,0.8512315417706732,0.12345679012345678,0.8765432098765432
13,54,200,200,40000,7.234598172508904,0.08481923576415078,0.9151807642358493,0.17475728155339806,0.8252427184466019
13,55,200,200,40000,6.836302534968789,0.17403897744511299,0.825961022554887,0.17708333333333334,0.8229166666666666
13,56,200,200,40000,8.489410835268227,-0.29880330868094535,1.2988033086809454,0.09523809523809523,0.9047619047619048
13,57,200,200,40000,7.824864551511263,-0.14628825338480006,1.1462882533848,0.13043478260869565,0.8695652173913043
13,58,200,200,40000,8.157726578656293,-0.26801612824217247,1.2680161282421725,0.12631578947368421,0.8736842105263158
13,59,200,200,40000,6.5659169579964045,0.13237461866299202,0.867625381337008,0.14563106796116504,0.854368932038835
14,15,200,200,40000,8.341858596652365,-0.11374515168033268,1.1137451516803327,0.09876543209876543,0.9012345679012346
14,16,200,200,40000,8.405735653302264,-0.1434596178754638,1.1434596178754637,0.12195121951219512,0.8780487804878049
14,17,200,200,40000,7.166017340261526,0.16367492149855165,0.8363250785014483,0.11688311688311688,0.8831168831168831
14,18,200,200,40000,6.484371371303462,0.3101977693895811,0.6898022306104189,0.09876543209876543,0.9012345679012346
14,19,200,200,40000,7.909507988559615,-0.04140695113573462,1.0414069511357347,0.11494252873563218,0.8850574712643678
14,20,200,200,40000,7.224408605464081,0.1210232325558535,0.8789767674441465,0.1111111111111111,0.8888888888888888
14,21,200,200,40000,8.271286777162194,-0.15587032160804018,1.1558703216080402,0.1038961038961039,0.8961038961038961
14,22,200,200,40000,6.997730943052393,0.15912576451834723,0.8408742354816527,0.1038961038961039,0.8961038961038961
14,23,200,200,40000,8.348735499914714,-0.21358184176916328,1.2135818417691633,0.11627906976744186,0.8837209302325582
14,24,200,200,40000,8.383348595565455,-0.23842839468409024,1.2384283946840902,0.10989010989010989,0.8901098901098901
14,25,200,200,40000,7.6258191042492065,-0.04752366271169677,1.0475236627116968,0.11235955056179775,0.8876404494382022
14,26,200,200,40000,7.145027114844436,0.06106556059641622,0.9389344394035838,0.125,0.875
14,27,200,200,40000,6.209937033502326,0.28713869010205995,0.71286130989794,0.13157894736842105,0.868421052631579
14,28,200,200,40000,7.465161810001252,-0.07865689893824325,1.0786568989382432,0.10714285714285714,0.8928571428571429
14,29,200,200,40000,6.052687765613529,0.25978239792830266,0.7402176020716973,0.10843373493975904,0.891566265060241
14,30,200,200,40000,8.049597046819768,0.24183436995775343,0.7581656300422466,0.10091743119266056,0.8990825688073394
14,31,200,200,40000,8.906092867969821,-0.022300510237957077,1.022300510237957,0.12631578947368421,0.8736842105263158
14,32,200,79,15800,9.476921133122529,-0.20235063880371504,1.202350638803715,0.1,0.9
14,33,200,200,40000,7.230554614684593,0.2910057013638922,0.7089942986361077,0.08695652173913043,0.9130434782608696
14,34,200,200,40000,8.124878611332852,0.08522690041579743,0.9147730995842026,0.09090909090909091,0.9090909090909091
14,35,200,200,40000,7.784197491948061,0.13152184193482258,0.8684781580651775,0.11627906976744186,0.8837209302325582
14,36,200,200,40000,9.049708287416571,-0.19287664522937714,1.192876645229377,0.09302325581395349,0.9069767441860466
14,37,200,200,40000,7.875174068037322,0.09195704081209972,0.9080429591879002,0.10666666666666667,0.8933333333333333
14,38,200,200,40000,9.293298959252706,-0.2830455201165072,1.2830455201165072,0.09195402298850575,0.9080459770114943
14,39,200,200,40000,6.2863353798329165,0.40911980421629174,0.5908801957837082,0.1,0.9
14,40,200,200,40000,7.6079930869871895,0.12182667459977838,0.8781733254002216,0.08333333333333333,0.9166666666666666
14,41,200,200,40000,9.232554154386166,-0.3142442409384585,1.3142442409384585,0.0958904109589041,0.904109589041096
14,42,200,200,40000,6.73938762165085,0.2942158809084887,0.7057841190915113,0.1125,0.8875
14,43,200,200,40000,8.43673187356844,-0.11822141885529554,1.1182214188552955,0.10666666666666667,0.8933333333333333
14,44,200,200,40000,7.8691188463894495,0.019789708654218578,0.9802102913457814,0.11538461538461539,0.8846153846153846
14,45,200,200,40000,8.613555114958384,-0.18921511106178635,1.1892151110617863,0.1111111111111111,0.8888888888888888
14,46,200,178,35600,8.06454304691965,-0.053594619004209566,1.0535946190042096,0.14492753623188406,0.855072463768116
14,47,200,149,29800,8.244698796048453,-0.11268163511178901,1.112681635111789,0.0989010989010989,0.9010989010989011
14,48,200,200,40000,7.892535717549665,-0.02610858231495651,1.0261085823149565,0.1,0.9
14,49,200,200,40000,7.904888149760035,-0.044715897257960324,1.0447158972579604,0.10144927536231885,0.8985507246376812
14,50,200,200,40000,7.873827861346597,-0.049387660205830915,1.049387660205831,0.08888888888888889,0.9111111111111111
14,51,200,200,40000,6.932405517092654,0.1852135157550159,0.8147864842449841,0.09917355371900827,0.9008264462809917
14,52,200,200,40000,7.752906040640513,-0.04222325895766725,1.0422232589576672,0.12162162162162163,0.8783783783783784
14,53,200,200,40000,6.819850314148853,0.19100039162545152,0.8089996083745485,0.11428571428571428,0.8857142857142857
14,54,200,200,40000,8.093455742921021,-0.16982854795076582,1.1698285479507657,0.11627906976744186,0.8837209302325582
14,55,200,200,40000,7.403352816111801,0.010021633094975673,0.9899783669050243,0.12389380530973451,0.8761061946902655
14,56,200,200,40000,5.3214566136361485,0.48775142584387654,0.5122485741561235,0.09523809523809523,0.9047619047619048
14,57,200,200,40000,7.970521758609218,-0.21434628684238122,1.2143462868423813,0.0975609756097561,0.9024390243902439
14,58,200,200,40000,6.633232276731919,0.15343728988943242,0.8465627101105676,0.1,0.9
14,59,200,200,40000,7.668693279167158,-0.23177407434386832,1.2317740743438683,0.13043478260869565,0.8695652173913043
15,16,200,200,40000,7.78145910286162,0.006662538381727154,0.9933374616182729,0.14444444444444443,0.8555555555555556
15,17,200,200,40000,8.226020388084073,-0.11740010414626141,1.1174001041462613,0.11956521739130435,0.8804347826086957
15,18,200,200,40000,8.335399184813218,-0.15615665357695444,1.1561566535769545,0.13253012048192772,0.8674698795180723
15,19,200,200,40000,7.4129523232673895,0.07243684738066693,0.9275631526193331,0.14634146341463414,0.8536585365853658
15,20,200,200,40000,6.800346937158907,0.21010325584291706,0.789896744157083,0.08333333333333333,0.9166666666666666
15,21,200,200,40000,8.254071161731602,-0.16745123919559474,1.1674512391955947,0.11494252873563218,0.8850574712643678
15,22,200,200,40000,6.672354262704892,0.22440717145351857,0.7755928285464815,0.08536585365853659,0.9146341463414634
15,23,200,200,40000,8.301933854022096,-0.21748353181470187,1.217483531814702,0.12222222222222222,0.8777777777777778
15,24,200,200,40000,7.107249999698166,0.0982368067321563,0.9017631932678437,0.11392405063291139,0.8860759493670887
15,25,200,200,40000,6.776871852691443,0.16175201975625436,0.8382479802437457,0.11627906976744186,0.8837209302325582
15,26,200,200,40000,7.42727261280133,-0.031751839921339495,1.0317518399213395,0.11842105263157894,0.881578947368421
15,27,200,200,40000,7.402878636768482,-0.03618907432613182,1.0361890743261317,0.1095890410958904,0.8904109589041096
15,28,200,200,40000,6.124840916018359,0.26936516709458513,0.7306348329054149,0.1125,0.8875
15,29,200,200,40000,7.2519319044621495,-0.10301781107600316,1.1030178110760032,0.10989010989010989,0.8901098901098901
15,30,200,200,40000,8.989500853639509,0.03649771093083849,0.9635022890691615,0.11475409836065574,0.8852459016393442
15,31,200,200,40000,7.997569229900915,0.17030160352423193,0.829698396475768,0.13592233009708737,0.8640776699029127
15,32,200,79,15800,9.174317503461754,-0.1392027799274888,1.1392027799274889,0.125,0.875
15,33,200,200,40000,9.083133922196176,-0.13776670010470762,1.1377667001047076,0.09302325581395349,0.9069767441860466
15,34,200,200,40000,8.594877625416158,-0.036745086142715704,1.0367450861427157,0.07317073170731707,0.926829268292683
15,35,200,200,40000,8.978118949107655,-0.17105283641398789,1.1710528364139878,0.12162162162162163,0.8783783783783784
15,36,200,200,40000,8.333634547355105,-0.023637528974734538,1.0236375289747346,0.14084507042253522,0.8591549295774648
15,37,200,200,40000,7.770595112562549,0.1050926434393248,0.8949073565606752,0.11904761904761904,0.8809523809523809
15,38,200,200,40000,8.427493483533166,-0.06815298369324138,1.0681529836932413,0.11764705882352941,0.8823529411764706
15,39,200,200,40000,8.530175109672895,-0.10304827389118848,1.1030482738911884,0.09900990099009901,0.900990099009901
15,40,200,200,40000,7.082188167713619,0.22946453769015895,0.770535462309841,0.075,0.925
15,41,200,200,40000,6.981409318205243,0.2389122575300822,0.7610877424699178,0.1,0.9
15,42,200,200,40000,8.730188460838296,-0.20010234881953148,1.2001023488195315,0.12162162162162163,0.8783783783783784
15,43,200,200,40000,7.96386516174295,-0.009660037385646131,1.0096600373856461,0.10975609756097561,0.8902439024390244
15,44,200,200,40000,9.495950147654854,-0.44658566963243695,1.4465856696324368,0.11235955056179775,0.8876404494382022
15,45,200,200,40000,7.621385223225166,0.05632836911076933,0.9436716308892307,0.12222222222222222,0.8777777777777778
15,46,200,178,35600,8.169685105683334,-0.09609594412956678,1.0960959441295668,0.1232876712328767,0.8767123287671232
15,47,200,149,29800,7.476696654454827,0.07233084526620207,0.927669154733798,0.09375,0.90625
15,48,200,200,40000,8.217718173423787,-0.1279836491411975,1.1279836491411974,0.06976744186046512,0.9302325581395349
15,49,200,200,40000,7.172835335199797,0.1278103653095015,0.8721896346904985,0.09278350515463918,0.9072164948453608
15,50,200,200,40000,6.599451893845494,0.25273722272351706,0.7472627772764829,0.125,0.875
15,51,200,200,40000,7.890545484801294,-0.07158292853594604,1.071582928535946,0.08433734939759036,0.9156626506024097
15,52,200,200,40000,7.61215343701617,-0.019387561486092383,1.0193875614860923,0.125,0.875
15,53,200,200,40000,7.008230743510502,0.13250253062922118,0.8674974693707789,0.09859154929577464,0.9014084507042254
15,54,200,200,40000,7.090597192548116,0.09023370886917566,0.9097662911308243,0.13333333333333333,0.8666666666666667
15,55,200,200,40000,5.9628024611457535,0.35088083205116755,0.6491191679488324,0.15476190476190477,0.8452380952380952
15,56,200,200,40000,7.5916875716030034,-0.07242179705181671,1.0724217970518166,0.08333333333333333,0.9166666666666666
15,57,200,200,40000,7.240218623310892,-0.014669386765654336,1.0146693867656544,0.12643678160919541,0.8735632183908046
15,58,200,200,40000,6.965393535031584,0.047897857928934515,0.9521021420710655,0.13333333333333333,0.8666666666666667
15,59,200,200,40000,7.466548728754798,-0.18568379875045815,1.1856837987504583,0.12987012987012986,0.8701298701298701
16,17,200,200,40000,7.954873862445896,-0.05691149517965222,1.0569114951796523,0.13978494623655913,0.8602150537634409
16,18,200,200,40000,8.534776172374517,-0.22609758260465737,1.2260975826046574,0.11392405063291139,0.8860759493670887
16,19,200,200,40000,6.781286530933297,0.21472337969774477,0.7852766203022552,0.15053763440860216,0.8494623655913979
16,20,200,200,40000,8.192068855001654,-0.16047489836172885,1.1604748983617288,0.08045977011494253,0.9195402298850575
16,21,200,200,40000,7.493296235880537,0.026637705477801896,0.9733622945221981,0.14516129032258066,0.8548387096774194
16,22,200,200,40000,8.354552937818623,-0.23215947078250954,1.2321594707825096,0.11842105263157894,0.881578947368421
16,23,200,200,40000,7.74417230674255,-0.0718454187625263,1.0718454187625264,0.14814814814814814,0.8518518518518519
16,24,200,200,40000,7.711014366420808,-0.07556045753510451,1.0755604575351045,0.14285714285714285,0.8571428571428572
16,25,200,200,40000,7.861643723838456,-0.14517232248400996,1.14517232248401,0.13186813186813187,0.8681318681318682
16,26,200,200,40000,7.114975475498284,0.041646885375552396,0.9583531146244476,0.15217391304347827,0.8478260869565217
16,27,200,200,40000,7.471392570181422,-0.0696456924491912,1.0696456924491913,0.13636363636363635,0.8636363636363636
16,28,200,200,40000,6.926096295635483,0.04603655122868016,0.9539634487713199,0.13095238095238096,0.8690476190476191
16,29,200,200,40000,7.216573994402015,-0.10803820825410136,1.1080382082541014,0.136986301369863,0.863013698630137
16,30,200,200,40000,8.45907697914396,0.14417914176237492,0.8558208582376251,0.14465408805031446,0.8553459119496856
16,31,200,200,40000,8.936582996930541,-0.0506308417724387,1.0506308417724386,0.1566265060240964,0.8433734939759037
16,32,200,79,15800,8.55849169229107,0.0010592763716048622,0.9989407236283951,0.1794871794871795,0.8205128205128205
16,33,200,200,40000,8.949642463448333,-0.11508007493061707,1.1150800749306171,0.10588235294117647,0.8941176470588236
16,34,200,200,40000,9.407022225901386,-0.25634969120760254,1.2563496912076024,0.11627906976744186,0.8837209302325582
16,35,200,200,40000,8.590455692465174,-0.08257816045011439,1.0825781604501143,0.14583333333333334,0.8541666666666666
16,36,200,200,40000,8.733696612139378,-0.1363753421054422,1.136375342105442,0.12790697674418605,0.872093023255814
16,37,200,200,40000,8.131662517044372,0.009534944176459958,0.99046505582354,0.12162162162162163,0.8783783783783784
16,38,200,200,40000,7.217438687705776,0.20927537469487767,0.7907246253051223,0.16666666666666666,0.8333333333333334
16,39,200,200,40000,8.396213711630221,-0.0799260602032994,1.0799260602032994,0.14814814814814814,0.8518518518518519
16,40,200,200,40000,7.499639002595796,0.12663853032914843,0.8733614696708516,0.1232876712328767,0.8767123287671232
16,41,200,200,40000,7.447340647279081,0.12450625762814875,0.8754937423718513,0.1125,0.8875
16,42,200,200,40000,9.123287271038043,-0.3251004530257082,1.3251004530257082,0.13513513513513514,0.8648648648648649
16,43,200,200,40000,6.670818322563714,0.2838918915594614,0.7161081084405386,0.16666666666666666,0.8333333333333334
16,44,200,200,40000,8.306025590722278,-0.11908967964932692,1.1190896796493268,0.14736842105263157,0.8526315789473684
16,45,200,200,40000,8.56719076757754,-0.20587653939057504,1.205876539390575,0.1518987341772152,0.8481012658227848
16,46,200,178,35600,8.514811773654623,-0.2042248598958749,1.204224859895875,0.171875,0.828125
16,47,200,149,29800,7.772905060884055,-0.014201382697703718,1.0142013826977037,0.10975609756097561,0.8902439024390244
16,48,200,200,40000,9.139713979542858,-0.41147136733395484,1.411471367333955,0.09859154929577464,0.9014084507042254
16,49,200,200,40000,7.870544928159609,-0.06267731007092266,1.0626773100709226,0.12631578947368421,0.8736842105263158
16,50,200,200,40000,8.499618916800427,-0.2553095869802149,1.2553095869802149,0.12941176470588237,0.8705882352941177
16,51,200,200,40000,7.678216626950869,-0.02672058152353974,1.0267205815235398,0.10227272727272728,0.8977272727272727
16,52,200,200,40000,7.456970696816109,0.009891201051715988,0.990108798948284,0.15625,0.84375
16,53,200,200,40000,7.220362740246539,0.06752229189185906,0.9324777081081409,0.13157894736842105,0.868421052631579
16,54,200,200,40000,5.405521324096452,0.4668351455068535,0.5331648544931464,0.17721518987341772,0.8227848101265822
16,55,200,200,40000,7.7542622604228395,-0.11773968645379955,1.1177396864537996,0.1724137931034483,0.8275862068965517
16,56,200,200,40000,8.354725510467395,-0.3175810523603191,1.317581052360319,0.11764705882352941,0.8823529411764706
16,57,200,200,40000,6.720632102005257,0.11615215602976135,0.8838478439702386,0.12941176470588237,0.8705882352941177
16,58,200,200,40000,6.170716157911899,0.2466819217218813,0.7533180782781187,0.12222222222222222,0.8777777777777778
16,59,200,200,40000,5.873846988556086,0.2726607369658496,0.7273392630341504,0.15789473684210525,0.8421052631578947
17,18,200,200,40000,7.018116925943995,0.1653734677692375,0.8346265322307624,0.12643678160919541,0.8735632183908046
17,19,200,200,40000,7.075507739071156,0.13918282436381496,0.8608171756361851,0.13978494623655913,0.8602150537634409
17,20,200,200,40000,8.055582567345189,-0.12985224016282168,1.1298522401628217,0.07954545454545454,0.9204545454545454
17,21,200,200,40000,7.287924475174309,0.07288744507571847,0.9271125549242816,0.13636363636363635,0.8636363636363636
17,22,200,200,40000,7.721731469610498,-0.059710345745988214,1.0597103457459882,0.08955223880597014,0.9104477611940298
17,23,200,200,40000,7.529621732235112,-0.02038824597801576,1.0203882459780158,0.13095238095238096,0.8690476190476191
17,24,200,200,40000,6.681731323956554,0.1874365599536818,0.8125634400463182,0.13636363636363635,0.8636363636363636
17,25,200,200,40000,7.422703197370112,-0.027737140279350564,1.0277371402793505,0.12790697674418605,0.872093023255814
17,26,200,200,40000,7.0930778996158335,0.04024616830001673,0.9597538316999833,0.14110105580693816,0.8588989441930619
17,27,200,200,40000,7.220915042802449,-0.006090773785382685,1.0060907737853826,0.11392405063291139,0.8860759493670887
17,28,200,200,40000,7.987178682447527,-0.28541598138510454,1.2854159813851045,0.11702127659574468,0.8829787234042553
17,29,200,200,40000,6.576785580231729,0.07837645425339945,0.9216235457466005,0.11827956989247312,0.8817204301075269
17,30,200,200,40000,8.813259158097278,0.0630294300031631,0.9369705699968369,0.12121212121212122,0.8787878787878788
17,31,200,200,40000,8.332535378795312,0.08472860878292479,0.9152713912170752,0.14285714285714285,0.8571428571428572
17,32,200,79,15800,9.890927704292617,-0.34746657424897676,1.3474665742489766,0.12941176470588237,0.8705882352941177
17,33,200,200,40000,8.576405093159558,-0.02872019418321261,1.0287201941832127,0.08695652173913043,0.9130434782608696
17,34,200,200,40000,7.997225767352701,0.08990587262174571,0.9100941273782543,0.09393382352941176,0.9060661764705882
17,35,200,200,40000,7.752780533334571,0.11440351982999089,0.8855964801700091,0.12903225806451613,0.8709677419354839
17,36,200,200,40000,7.341303803129068,0.19396377481056692,0.8060362251894331,0.12643678160919541,0.8735632183908046
17,37,200,200,40000,8.120718115271224,0.0062590939585951124,0.9937409060414049,0.12048192771084337,0.8795180722891567
17,38,200,200,40000,8.506377096931647,-0.10653683348784755,1.1065368334878476,0.11416040100250627,0.8858395989974938
17,39,200,200,40000,6.473229990310097,0.35554193123325856,0.6444580687667414,0.11956521739130435,0.8804347826086957
17,40,200,200,40000,8.376025292558397,-0.09675085716983087,1.0967508571698308,0.07407407407407407,0.9259259259259259
17,41,200,200,40000,8.103181063367131,-0.04328042414268335,1.0432804241426834,0.10526315789473684,0.8947368421052632
17,42,200,200,40000,7.504225289466184,0.09805780487526185,0.9019421951247382,0.12162162162162163,0.8783783783783784
17,43,200,200,40000,8.471503355823142,-0.16265822427756946,1.1626582242775694,0.11392405063291139,0.8860759493670887
17,44,200,200,40000,8.005199432494539,-0.04624645829244722,1.0462464582924471,0.14130434782608695,0.8586956521739131
17,45,200,200,40000,8.943774246628395,-0.3229077584741206,1.3229077584741207,0.1232876712328767,0.8767123287671232
17,46,200,178,35600,6.604822588821617,0.27061005170575214,0.7293899482942479,0.15294117647058825,0.8470588235294118
17,47,200,149,29800,7.653542219038799,0.010090978381673568,0.9899090216183264,0.0967741935483871,0.9032258064516129
17,48,200,200,40000,7.063517925965322,0.15129883456863816,0.8487011654313619,0.09210526315789473,0.9078947368421053
17,49,200,200,40000,8.347172824564364,-0.20354023654540823,1.2035402365454082,0.10975609756097561,0.8902439024390244
17,50,200,200,40000,7.234163790290562,0.0845947180546608,0.9154052819453392,0.11428571428571428,0.8857142857142857
17,51,200,200,40000,7.542724719948306,0.0023091721121882634,0.9976908278878117,0.11224489795918367,0.8877551020408163
17,52,200,200,40000,7.29659209975541,0.04532617630646364,0.9546738236935364,0.1348314606741573,0.8651685393258427
17,53,200,200,40000,6.972151775844142,0.12441652094183735,0.8755834790581627,0.1111111111111111,0.8888888888888888
17,54,200,200,40000,7.662621217190118,-0.08489998431838056,1.0848999843183806,0.13953488372093023,0.8604651162790697
17,55,200,200,40000,6.097401589851659,0.3062220308578612,0.6937779691421389,0.1595744680851064,0.8404255319148937
17,56,200,200,40000,6.733278721633731,0.14082104979135135,0.8591789502086487,0.0963855421686747,0.9036144578313253
17,57,200,200,40000,7.518163827064769,-0.11906887473811988,1.11906887473812,0.12643678160919541,0.8735632183908046
17,58,200,200,40000,6.976488142016449,0.023405528041746504,0.9765944719582536,0.1111111111111111,0.8888888888888888
17,59,200,200,40000,6.626992456824484,0.05325437825248505,0.946745621747515,0.13253012048192772,0.8674698795180723
18,19,200,200,40000,7.570613152901811,0.006572659681269072,0.9934273403187309,0.12643678160919541,0.8735632183908046
18,20,200,200,40000,7.638930839655455,-0.02416355711366551,1.0241635571136656,0.08955223880597014,0.9104477611940298
18,21,200,200,40000,7.546103921659371,-0.0020949089221447732,1.0020949089221447,0.11538461538461539,0.8846153846153846
18,22,200,200,40000,7.174279850264431,0.0778377616713719,0.9221622383286281,0.08333333333333333,0.9166666666666666
18,23,200,200,40000,7.910165396373986,-0.1357767799453459,1.135776779945346,0.12,0.88
18,24,200,200,40000,7.993937157929368,-0.17435614060705182,1.1743561406070517,0.12,0.88
18,25,200,200,40000,7.007881227292462,0.0765145304536985,0.9234854695463015,0.11627906976744186,0.8837209302325582
18,26,200,200,40000,7.826310561605332,-0.18074049710055204,1.180740497100552,0.10975609756097561,0.8902439024390244
18,27,200,200,40000,6.316069597572814,0.22560771210223773,0.7743922878977623,0.11940298507462686,0.8805970149253731
18,28,200,200,40000,7.478773553189996,-0.1351050206695013,1.1351050206695013,0.1076923076923077,0.8923076923076922
18,29,200,200,40000,6.27181594425249,0.15636475390570775,0.8436352460942922,0.10344827586206896,0.896551724137931
18,30,200,200,40000,10.345310719808968,-0.31513250178085955,1.3151325017808595,0.09,0.91
18,31,200,200,40000,8.750365718072683,-0.018193595199185873,1.0181935951991858,0.12345679012345678,0.8765432098765432
18,32,200,79,15800,9.32709205169158,-0.20431728412985184,1.2043172841298517,0.1111111111111111,0.8888888888888888
18,33,200,200,40000,7.089597008835658,0.2974077469771111,0.702592253022889,0.10666666666666667,0.8933333333333333
18,34,200,200,40000,8.053342560421727,0.07081988644203785,0.9291801135579622,0.07462686567164178,0.9253731343283582
18,35,200,200,40000,7.0576976759841585,0.2625767239649662,0.7374232760350339,0.11688311688311688,0.8831168831168831
18,36,200,200,40000,8.570614728260125,-0.1085661876097127,1.1085661876097128,0.12,0.88
18,37,200,200,40000,7.318868016583882,0.18830945089180015,0.8116905491081998,0.12857142857142856,0.8714285714285714
18,38,200,200,40000,9.334646641237022,-0.3431218209495931,1.3431218209495932,0.0963855421686747,0.9036144578313253
18,39,200,200,40000,7.988744393700253,0.009559326033792219,0.9904406739662078,0.08163265306122448,0.9183673469387755
18,40,200,200,40000,8.195875102520862,-0.057655459911649234,1.0576554599116492,0.057971014492753624,0.9420289855072463
18,41,200,200,40000,9.154925939580925,-0.342109050354116,1.342109050354116,0.0875,0.9125
18,42,200,200,40000,6.27982572551759,0.36414228560660344,0.6358577143933966,0.12307692307692308,0.8769230769230769
18,43,200,200,40000,8.346463507660403,-0.13712003136541887,1.1371200313654188,0.10810810810810811,0.8918918918918919
18,44,200,200,40000,8.255197061246307,-0.12112294297074484,1.1211229429707448,0.12,0.88
18,45,200,200,40000,7.52009361250959,0.05758992118711217,0.9424100788128879,0.13580246913580246,0.8641975308641976
18,46,200,178,35600,7.04512727164519,0.1636760525290099,0.83632394747099,0.12121212121212122,0.8787878787878788
18,47,200,149,29800,8.08397652666014,-0.11306709146373399,1.113067091463734,0.08602150537634409,0.9139784946236559
18,48,200,200,40000,7.527254168576482,0.028563926872106973,0.971436073127893,0.08333333333333333,0.9166666666666666
18,49,200,200,40000,7.706723934889231,-0.034124678752226564,1.0341246787522265,0.1044776119402985,0.8955223880597015
18,50,200,200,40000,7.381116361600768,0.039217928138222335,0.9607820718617777,0.1111111111111111,0.8888888888888888
18,51,200,200,40000,8.052287812615633,-0.14641719284413113,1.1464171928441311,0.08333333333333333,0.9166666666666666
18,52,200,200,40000,6.845468771487154,0.15288740668300285,0.8471125933169972,0.11627906976744186,0.8837209302325582
18,53,200,200,40000,6.954905073599024,0.12136330249551841,0.8786366975044816,0.08450704225352113,0.9154929577464789
18,54,200,200,40000,8.186962110519838,-0.24965907983254612,1.2496590798325462,0.11827956989247312,0.8817204301075269
18,55,200,200,40000,7.787578162826334,-0.14560622029406,1.14560622029406,0.13253012048192772,0.8674698795180723
18,56,200,200,40000,6.3090623341842615,0.23973019283109587,0.7602698071689041,0.09722222222222222,0.9027777777777778
18,57,200,200,40000,7.115204601820499,-0.010022813157058656,1.0100228131570586,0.13157894736842105,0.868421052631579
18,58,200,200,40000,7.517777641525706,-0.14773063444086643,1.1477306344408664,0.1038961038961039,0.8961038961038961
18,59,200,200,40000,6.56139128716172,0.06284318654860406,0.9371568134513959,0.1267605633802817,0.8732394366197183
19,20,200,200,40000,7.79576372195532,-0.08295257482781815,1.0829525748278181,0.08695652173913043,0.9130434782608696
19,21,200,200,40000,7.084280143483118,0.10328333396777727,0.8967166660322228,0.13924050632911392,0.8607594936708861
19,22,200,200,40000,8.09406288850304,-0.19233265076578318,1.1923326507657832,0.08888888888888889,0.9111111111111111
19,23,200,200,40000,7.9829706210481355,-0.17500002708076634,1.1750000270807663,0.125,0.875
19,24,200,200,40000,7.96251376207537,-0.18363486013192848,1.1836348601319284,0.12222222222222222,0.8777777777777778
19,25,200,200,40000,6.860155435422089,0.10051499267098706,0.8994850073290129,0.12222222222222222,0.8777777777777778
19,26,200,200,40000,6.802626317753083,0.09469069578098943,0.9053093042190106,0.13829787234042554,0.8617021276595744
19,27,200,200,40000,7.7653372042712006,-0.19537249884958482,1.1953724988495849,0.125,0.875
19,28,200,200,40000,7.726886190594128,-0.23400244725710184,1.2340024472571018,0.12048192771084337,0.8795180722891567
19,29,200,200,40000,7.007867064287566,-0.08283642918702437,1.0828364291870243,0.12380952380952381,0.8761904761904762
19,30,200,200,40000,8.06055959649995,0.21119602067180296,0.788803979328197,0.1276595744680851,0.8723404255319149
19,31,200,200,40000,8.344461645235384,0.06566597213857067,0.9343340278614294,0.15833333333333333,0.8416666666666667
19,32,200,79,15800,8.173359304787105,0.06854418444495042,0.9314558155550496,0.13924050632911392,0.8607594936708861
19,33,200,200,40000,8.760423125801006,-0.09480991211633619,1.0948099121163362,0.10112359550561797,0.898876404494382
19,34,200,200,40000,8.48170578494488,-0.045220042836587405,1.0452200428365874,0.08433734939759036,0.9156626506024097
19,35,200,200,40000,8.489669736942203,-0.08498150691249942,1.0849815069124995,0.13414634146341464,0.8658536585365854
19,36,200,200,40000,8.313591129642791,-0.05652829996966379,1.0565282999696637,0.13636363636363635,0.8636363636363636
19,37,200,200,40000,7.723878066362781,0.08340642512109478,0.9165935748789052,0.13157894736842105,0.868421052631579
19,38,200,200,40000,7.614668661917831,0.09602180295498193,0.903978197045018,0.12643678160919541,0.8735632183908046
19,39,200,200,40000,8.23992052380317,-0.06834881361650305,1.0683488136165031,0.10852713178294573,0.8914728682170543
19,40,200,200,40000,7.631441759933066,0.0709134424843036,0.9290865575156964,0.07894736842105263,0.9210526315789473
19,41,200,200,40000,7.955254421092912,-0.02708533826352537,1.0270853382635254,0.09210526315789473,0.9078947368421053
19,42,200,200,40000,8.709228763858766,-0.2418352564020857,1.2418352564020858,0.12941176470588237,0.8705882352941177
19,43,200,200,40000,6.459042562345509,0.3099699117902792,0.6900300882097208,0.1282051282051282,0.8717948717948718
19,44,200,200,40000,8.293259737326867,-0.14779582167326596,1.147795821673266,0.1348314606741573,0.8651685393258427
19,45,200,200,40000,7.185949391613348,0.12707838582261707,0.8729216141773829,0.12941176470588237,0.8705882352941177
19,46,200,178,35600,8.084102128118259,-0.1174045243043786,1.1174045243043786,0.14666666666666667,0.8533333333333333
19,47,200,149,29800,8.489230844164503,-0.2457015957145422,1.245701595714542,0.09210526315789473,0.9078947368421053
19,48,200,200,40000,7.094394722789596,0.12420231614928784,0.8757976838507122,0.08139534883720931,0.9186046511627907
19,49,200,200,40000,9.134401248978778,-0.47478441052857423,1.4747844105285743,0.10526315789473684,0.8947368421052632
19,50,200,200,40000,6.406693320823298,0.26505534023202143,0.7349446597679785,0.12631578947368421,0.8736842105263158
19,51,200,200,40000,8.083974694968093,-0.17319633449999908,1.1731963344999992,0.09333333333333334,0.9066666666666666
19,52,200,200,40000,8.772488858253128,-0.4139343552463281,1.4139343552463282,0.1411764705882353,0.8588235294117648
19,53,200,200,40000,7.53408730506535,-0.047750260845305564,1.0477502608453055,0.1125,0.8875
19,54,200,200,40000,4.964532287716269,0.5349496387284727,0.4650503612715273,0.15730337078651685,0.8426966292134832
19,55,200,200,40000,5.689101383273383,0.38054727011353945,0.6194527298864605,0.16831683168316833,0.8316831683168316
19,56,200,200,40000,8.109835820814526,-0.281737657195182,1.281737657195182,0.09195402298850575,0.9080459770114943
19,57,200,200,40000,6.846101435618742,0.04937009968650898,0.950629900313491,0.1276595744680851,0.8723404255319149
19,58,200,200,40000,6.380050990844163,0.16307608076197797,0.836923919238022,0.12790697674418605,0.872093023255814
19,59,200,200,40000,7.074202813008199,-0.11725461127202552,1.1172546112720254,0.14606741573033707,0.8539325842696629
20,21,200,200,40000,8.363317817955155,-0.2659652044908558,1.2659652044908558,0.0625,0.9375
20,22,200,200,40000,6.506017747809252,0.2195883857220487,0.7804116142779514,0.08860759493670886,0.9113924050632911
20,23,200,200,40000,7.099530096943172,0.05843383565165548,0.9415661643483445,0.08860759493670886,0.9113924050632911
20,24,200,200,40000,7.099194529505208,0.04669525490306394,0.9533047450969361,0.07692307692307693,0.9230769230769231
20,25,200,200,40000,7.569863891826739,-0.11120436514839907,1.1112043651483992,0.08536585365853659,0.9146341463414634
20,26,200,200,40000,7.582402079176477,-0.14222251763225552,1.1422225176322556,0.07792207792207792,0.922077922077922
20,27,200,200,40000,7.554621388203342,-0.14711421087217644,1.1471142108721764,0.1206896551724138,0.8793103448275862
20,28,200,200,40000,6.794105092811359,0.03481308862794297,0.965186911372057,0.07042253521126761,0.9295774647887324
20,29,200,200,40000,6.793705275134455,-0.032372064024869286,1.0323720640248693,0.07792207792207792,0.922077922077922
20,30,200,200,40000,9.391702659163258,-0.09877142274763775,1.0987714227476377,0.0625,0.9375
20,31,200,200,40000,7.339244856799785,0.2773965050869215,0.7226034949130785,0.1,0.9
20,32,200,79,15800,9.788094027955697,-0.3601834400659896,1.3601834400659896,0.06012048192771084,0.9398795180722892
20,33,200,200,40000,7.503735749158919,0.1937964209215194,0.8062035790784806,0.09090909090909091,0.9090909090909091
20,34,200,200,40000,8.82778754633121,-0.14597357250470258,1.1459735725047027,0.06349206349206349,0.9365079365079365
20,35,200,200,40000,8.121480864693895,-0.0029316555422569026,1.002931655542257,0.08974358974358974,0.9102564102564102
20,36,200,200,40000,8.238470780674534,-0.049026121793396826,1.0490261217933967,0.06756756756756757,0.9324324324324325
20,37,200,200,40000,7.649644195630511,0.091148355171102,0.908851644828898,0.08974358974358974,0.9102564102564102
20,38,200,200,40000,8.111411660671967,-0.03837499346058183,1.038374993460582,0.06521739130434782,0.9347826086956522
20,39,200,200,40000,9.266773200747267,-0.368722337855762,1.368722337855762,0.05405405405405406,0.9459459459459459
20,40,200,200,40000,8.664870908114464,-0.2131966797605818,1.2131966797605818,0.05063291139240506,0.9493670886075949
20,41,200,200,40000,7.544507842099013,0.06571655961129251,0.9342834403887075,0.078125,0.921875
20,42,200,200,40000,7.693488926503881,0.01998033473155488,0.9800196652684451,0.0967741935483871,0.9032258064516129
20,43,200,200,40000,8.106043262784514,-0.10096907150714107,1.1009690715071412,0.08620689655172414,0.9137931034482758
20,44,200,200,40000,7.266508991212372,0.10853703498038124,0.8914629650196187,0.08695652173913043,0.9130434782608696
20,45,200,200,40000,7.62142966085736,0.005931461558164129,0.9940685384418358,0.1,0.9
20,46,200,178,35600,7.910151095764745,-0.08312334363585665,1.0831233436358567,0.08450704225352113,0.9154929577464789
20,47,200,149,29800,7.009749437400569,0.140101602153296,0.859898397846704,0.08641975308641975,0.9135802469135803
20,48,200,200,40000,6.338772963457582,0.2920802873243915,0.7079197126756085,0.09333333333333334,0.9066666666666666
20,49,200,200,40000,7.654899526138008,-0.049011709435990765,1.0490117094359908,0.075,0.925
20,50,200,200,40000,7.214299562584624,0.05592602158837,0.94407397841163,0.06818181818181818,0.9318181818181819
20,51,200,200,40000,7.706265486967606,-0.07998403413429891,1.079984034134299,0.054945054945054944,0.945054945054945
20,52,200,200,40000,8.109243750963461,-0.22408679995518796,1.2240867999551879,0.09333333333333334,0.9066666666666666
20,53,200,200,40000,6.61269682598134,0.18220128271255406,0.8177987172874459,0.078125,0.921875
20,54,200,200,40000,7.8670580460954875,-0.18816645896028392,1.1881664589602838,0.07317073170731707,0.926829268292683
20,55,200,200,40000,6.693288024965507,0.12881697729705485,0.8711830227029451,0.08433734939759036,0.9156626506024097
20,56,200,200,40000,7.167890393816693,-0.01424192617736352,1.0142419261773634,0.07042253521126761,0.9295774647887324
20,57,200,200,40000,7.1627393275127895,-0.05717030959176651,1.0571703095917666,0.08333333333333333,0.9166666666666666
20,58,200,200,40000,7.690321338497813,-0.24087929104351286,1.240879291043513,0.06329113924050633,0.9367088607594937
20,59,200,200,40000,6.282207605099125,0.1115868314070082,0.8884131685929918,0.1111111111111111,0.8888888888888888
21,22,200,200,40000,8.81954302358425,-0.43833009378347493,1.4383300937834749,0.07894736842105263,0.9210526315789473
21,23,200,200,40000,7.686628560369258,-0.1069789735801549,1.106978973580155,0.13513513513513514,0.8648648648648649
21,24,200,200,40000,7.002121467589766,0.069926749275324,0.9300732507246761,0.14492753623188406,0.855072463768116
21,25,200,200,40000,7.102608963668248,0.0191626180182445,0.9808373819817555,0.12658227848101267,0.8734177215189873
21,26,200,200,40000,6.117151380196244,0.2560022892426095,0.7439977107573905,0.125,0.875
21,27,200,200,40000,6.1306216422502695,0.244358242079176,0.755641757920824,0.11594202898550725,0.8840579710144928
21,28,200,200,40000,7.559253464918076,-0.2016740808778314,1.2016740808778315,0.1232876712328767,0.8767123287671232
21,29,200,200,40000,6.158332974957406,0.15389990163897532,0.8461000983610247,0.14285714285714285,0.8571428571428572
21,30,200,200,40000,8.680919646176175,0.06714810391476747,0.9328518960852326,0.12149532710280374,0.8785046728971962
21,31,200,200,40000,7.220253059447966,0.30036616300341795,0.699633836996582,0.14285714285714285,0.8571428571428572
21,32,200,79,15800,8.578317763746941,-0.04130812713120876,1.0413081271312088,0.1686746987951807,0.8313253012048193
21,33,200,200,40000,9.328431489819108,-0.2604954128211687,1.2604954128211687,0.0963855421686747,0.9036144578313253
21,34,200,200,40000,7.641144748664523,0.144036971599956,0.855963028400044,0.0945945945945946,0.9054054054054054
21,35,200,200,40000,8.597610493740977,-0.1282001833916099,1.12820018339161,0.13157894736842105,0.868421052631579
21,36,200,200,40000,8.092359332620854,-0.014192754158757303,1.0141927541587572,0.17647058823529413,0.8235294117647058
21,37,200,200,40000,7.654241211473083,0.08789471894602952,0.9121052810539705,0.1111111111111111,0.8888888888888888
21,38,200,200,40000,7.482023245020282,0.11560647442353834,0.8843935255764617,0.15294117647058825,0.8470588235294118
21,39,200,200,40000,7.2888141104868005,0.1539119054999143,0.8460880945000857,0.1134020618556701,0.8865979381443299
21,40,200,200,40000,6.758992502878584,0.26225775436401044,0.7377422456359896,0.1016949152542373,0.8983050847457628
21,41,200,200,40000,8.643896609234943,-0.23084172323671945,1.2308417232367195,0.1044776119402985,0.8955223880597015
21,42,200,200,40000,7.40289386332075,0.09058863336357444,0.9094113666364255,0.1232876712328767,0.8767123287671232
21,43,200,200,40000,6.545781986061611,0.2811920375831678,0.7188079624168322,0.12903225806451613,0.8709677419354839
21,44,200,200,40000,6.5130895101432555,0.28242286167830644,0.7175771383216936,0.15476190476190477,0.8452380952380952
21,45,200,200,40000,7.8851377868274595,-0.06693943215799536,1.0669394321579952,0.12359550561797752,0.8764044943820225
21,46,200,178,35600,6.405272268780345,0.28823996329244345,0.7117600367075565,0.15254237288135594,0.847457627118644
21,47,200,149,29800,9.002381048756693,-0.42239327100858803,1.422393271008588,0.07462686567164178,0.9253731343283582
21,48,200,200,40000,8.309380186447347,-0.21998995787072792,1.2199899578707278,0.08433734939759036,0.9156626506024097
21,49,200,200,40000,7.854119379841379,-0.10734790873762864,1.1073479087376286,0.11764705882352941,0.8823529411764706
21,50,200,200,40000,6.652616522724448,0.19498426435940197,0.805015735640598,0.14102564102564102,0.858974358974359
21,51,200,200,40000,6.966017186366533,0.115084804586491,0.884915195413509,0.10144927536231885,0.8985507246376812
21,52,200,200,40000,6.9495248456664145,0.09855992460043267,0.9014400753995673,0.13580246913580246,0.8641975308641976
21,53,200,200,40000,8.357506262347933,-0.3103986632877884,1.3103986632877884,0.10526315789473684,0.8947368421052632
21,54,200,200,40000,6.829529798531519,0.10241215646308365,0.8975878435369163,0.1875,0.8125
21,55,200,200,40000,5.701442817641725,0.3667519668293165,0.6332480331706836,0.1927710843373494,0.8072289156626506
21,56,200,200,40000,7.447920261928611,-0.09868034098139959,1.0986803409813997,0.1,0.9
21,57,200,200,40000,6.948191996637936,0.0026465591038797908,0.9973534408961202,0.15555555555555556,0.8444444444444444
21,58,200,200,40000,7.506802136186188,-0.18549030538973704,1.185490305389737,0.11904761904761904,0.8809523809523809
21,59,200,200,40000,7.211404937575423,-0.18534123331147875,1.1853412333114788,0.1326530612244898,0.8673469387755102
22,23,200,200,40000,6.632193903796685,0.15996851523536582,0.8400314847646342,0.1125,0.8875
22,24,200,200,40000,7.651863949258478,-0.13264259291898292,1.132642592918983,0.09411764705882353,0.9058823529411765
22,25,200,200,40000,7.132879949758137,-0.00920641950787567,1.0092064195078756,0.0967741935483871,0.9032258064516129
22,26,200,200,40000,8.065588837680925,-0.3232936505684578,1.3232936505684578,0.10465116279069768,0.8953488372093024
22,27,200,200,40000,7.167113861781546,-0.056623711057487244,1.0566237110574872,0.1076923076923077,0.8923076923076922
22,28,200,200,40000,5.56265427521302,0.33972875140681774,0.6602712485931823,0.08433734939759036,0.9156626506024097
22,29,200,200,40000,6.89552514551639,-0.09330480832988142,1.0933048083298815,0.08823529411764706,0.9117647058823529
22,30,200,200,40000,10.399346646352845,-0.3825544991226392,1.3825544991226393,0.0898876404494382,0.9101123595505618
22,31,200,200,40000,9.335662448091684,-0.2099423139321665,1.2099423139321666,0.09523809523809523,0.9047619047619048
22,32,200,79,15800,8.649828799645517,-0.07528886124822161,1.0752888612482217,0.1044776119402985,0.8955223880597015
22,33,200,200,40000,7.737500656469012,0.12698316957591757,0.8730168304240824,0.07792207792207792,0.922077922077922
22,34,200,200,40000,7.462902887615972,0.17235409726744108,0.8276459027325589,0.09836065573770492,0.9016393442622951
22,35,200,200,40000,8.02782609995484,0.0024249809117197893,0.9975750190882802,0.10344827586206896,0.896551724137931
22,36,200,200,40000,8.857354559057745,-0.23749193133038882,1.2374919313303887,0.07407407407407407,0.9259259259259259
22,37,200,200,40000,8.26600722222175,-0.08294926841246449,1.0829492684124644,0.08716758125791474,0.9128324187420853
22,38,200,200,40000,9.060546012109977,-0.32304179772584224,1.3230417977258422,0.09722222222222222,0.9027777777777778
22,39,200,200,40000,8.302466434468636,-0.11851793351213037,1.1185179335121305,0.09183673469387756,0.9081632653061225
22,40,200,200,40000,8.298156227635033,-0.13402914982437314,1.134029149824373,0.08955223880597014,0.9104477611940298
22,41,200,200,40000,7.986190590993865,-0.06807840639824408,1.068078406398244,0.1,0.9
22,42,200,200,40000,7.264808348730084,0.10944936286307778,0.8905506371369222,0.09302325581395349,0.9069767441860466
22,43,200,200,40000,7.654035945521649,-0.0009627391655526297,1.0009627391655527,0.10144927536231885,0.8985507246376812
22,44,200,200,40000,7.66133062732058,-0.011204048011921939,1.011204048011922,0.09302325581395349,0.9069767441860466
22,45,200,200,40000,6.610470816785133,0.2375412987678089,0.7624587012321911,0.11764705882352941,0.8823529411764706
22,46,200,178,35600,7.576453398870186,-0.014130141920212655,1.0141301419202127,0.10144927536231885,0.8985507246376812
22,47,200,149,29800,6.562910336181603,0.23076062169456543,0.7692393783054345,0.09722222222222222,0.9027777777777778
22,48,200,200,40000,5.905902794169944,0.3728621712615759,0.6271378287384242,0.09523809523809523,0.9047619047619048
22,49,200,200,40000,7.357963968262018,0.010101718559211518,0.9898982814407885,0.08974358974358974,0.9102564102564102
22,50,200,200,40000,8.260466009392093,-0.2645588365111479,1.264558836511148,0.07865168539325842,0.9213483146067416
22,51,200,200,40000,6.99857400044614,0.0899464940778845,0.9100535059221155,0.08421052631578947,0.9157894736842105
22,52,200,200,40000,7.449894848502281,-0.05598836023124096,1.055988360231241,0.1038961038961039,0.8961038961038961
22,53,200,200,40000,7.058181489328782,0.04735981155907415,0.9526401884409259,0.08791208791208792,0.9120879120879121
22,54,200,200,40000,7.95023975219808,-0.24106393080868624,1.2410639308086862,0.08333333333333333,0.9166666666666666
22,55,200,200,40000,8.040016275594978,-0.2872861716149185,1.2872861716149184,0.09302325581395349,0.9069767441860466
22,56,200,200,40000,6.027541243000173,0.26661883300358097,0.733381166996419,0.10144927536231885,0.8985507246376812
22,57,200,200,40000,7.444968234688139,-0.17086881197789458,1.1708688119778945,0.08695652173913043,0.9130434782608696
22,58,200,200,40000,7.091961150312844,-0.07981458293814025,1.0798145829381403,0.07608695652173914,0.9239130434782609
22,59,200,200,40000,5.808013862022462,0.22296838929357374,0.7770316107064262,0.1038961038961039,0.8961038961038961
23,24,200,200,40000,7.198092147140262,-0.01611686487045122,1.0161168648704513,0.14634146341463414,0.8536585365853658
23,25,200,200,40000,6.972802212661271,0.021924326840460938,0.978075673159539,0.13636363636363635,0.8636363636363636
23,26,200,200,40000,7.39490200736948,-0.12797157745370435,1.1279715774537045,0.16,0.84
23,27,200,200,40000,6.3427078565671415,0.16096953158248625,0.8390304684175137,0.14285714285714285,0.8571428571428572
23,28,200,200,40000,6.377002422938623,0.11549589440492777,0.8845041055950722,0.12903225806451613,0.8709677419354839
23,29,200,200,40000,6.603025279692021,-0.01729651022682347,1.0172965102268234,0.1375,0.8625
23,30,200,200,40000,9.320985952440381,-0.10972985653313286,1.1097298565331328,0.1092436974789916,0.8907563025210083
23,31,200,200,40000,8.780052662716942,-0.07695703226267146,1.0769570322626714,0.13580246913580246,0.8641975308641976
23,32,200,79,15800,7.89869594966669,0.0992147185751937,0.9007852814248063,0.15384615384615385,0.8461538461538461
23,33,200,200,40000,7.5848035196575045,0.1535754783433005,0.8464245216566995,0.10377358490566038,0.8962264150943396
23,34,200,200,40000,8.752993513487064,-0.15981392705899564,1.1598139270589956,0.10666666666666667,0.8933333333333333
23,35,200,200,40000,7.776963508398799,0.05443106928154247,0.9455689307184575,0.14634146341463414,0.8536585365853658
23,36,200,200,40000,7.165057668823646,0.1862582900317217,0.8137417099682783,0.14285714285714285,0.8571428571428572
23,37,200,200,40000,9.056034694584046,-0.31802667417831376,1.3180266741783138,0.11842105263157894,0.881578947368421
23,38,200,200,40000,7.68611709684393,0.04006025623181917,0.9599397437681808,0.12359550561797752,0.8764044943820225
23,39,200,200,40000,8.104210435461683,-0.07786090629745679,1.077860906297457,0.13186813186813187,0.8681318681318682
23,40,200,200,40000,8.250532026226672,-0.13445859581961692,1.134458595819617,0.09210526315789473,0.9078947368421053
23,41,200,200,40000,7.953843382223325,-0.07224418719156003,1.07224418719156,0.11688311688311688,0.8831168831168831
23,42,200,200,40000,8.238559707285788,-0.1609737490420259,1.160973749042026,0.13333333333333333,0.8666666666666667
23,43,200,200,40000,8.320553246113525,-0.19844118704530495,1.198441187045305,0.13333333333333333,0.8666666666666667
23,44,200,200,40000,7.600140739319294,-0.007354354962018529,1.0073543549620185,0.14606741573033707,0.8539325842696629
23,45,200,200,40000,7.823092058067185,-0.08238196628581632,1.0823819662858163,0.1375,0.8625
23,46,200,178,35600,8.014894666578328,-0.1496237025829625,1.1496237025829625,0.1625,0.8375
23,47,200,149,29800,6.482810669603527,0.24004642714094612,0.7599535728590538,0.11578947368421053,0.8842105263157894
23,48,200,200,40000,5.999803467419495,0.3446352510151738,0.6553647489848262,0.09876543209876543,0.9012345679012346
23,49,200,200,40000,7.9694470017003285,-0.17661153152957088,1.1766115315295709,0.13186813186813187,0.8681318681318682
23,50,200,200,40000,7.575330078772478,-0.07758189474750624,1.0775818947475062,0.13043478260869565,0.8695652173913043
23,51,200,200,40000,7.733403418108079,-0.1260102137623388,1.126010213762339,0.10309278350515463,0.8969072164948454
23,52,200,200,40000,7.628915331861595,-0.12241350966602194,1.122413509666022,0.14942528735632185,0.8505747126436781
23,53,200,200,40000,7.586041636787725,-0.1155142564460834,1.1155142564460834,0.1111111111111111,0.8888888888888888
23,54,200,200,40000,7.267987023230615,-0.05160840105410875,1.0516084010541087,0.14102564102564102,0.858974358974359
23,55,200,200,40000,7.9628071695431455,-0.28047150718510305,1.2804715071851032,0.13953488372093023,0.8604651162790697
23,56,200,200,40000,7.184358307723669,-0.05806932513151017,1.05806932513151,0.10344827586206896,0.896551724137931
23,57,200,200,40000,6.77869013797116,0.015780605951852714,0.9842193940481473,0.13636363636363635,0.8636363636363636
23,58,200,200,40000,6.972829794804847,-0.0595984674612516,1.0595984674612515,0.10975609756097561,0.8902439024390244
23,59,200,200,40000,5.441362347510605,0.30869968471617076,0.6913003152838293,0.1527777777777778,0.8472222222222222
24,25,200,200,40000,6.083227727973768,0.24554169828918695,0.7544583017108131,0.14772727272727273,0.8522727272727273
24,26,200,200,40000,6.379437941046682,0.14927919512106,0.85072080487894,0.13513513513513514,0.8648648648648649
24,27,200,200,40000,8.068100438979588,-0.37830857374664845,1.3783085737466485,0.11392405063291139,0.8860759493670887
24,28,200,200,40000,6.972594989028123,-0.07453826723898979,1.0745382672389898,0.12345679012345678,0.8765432098765432
24,29,200,200,40000,6.82866071464569,-0.10674784525063835,1.1067478452506383,0.12244897959183673,0.8775510204081632
24,30,200,200,40000,8.13428914449554,0.16349203707715418,0.8365079629228458,0.11320754716981132,0.8867924528301887
24,31,200,200,40000,8.769049954420762,-0.08490766750767444,1.0849076675076745,0.12087912087912088,0.8791208791208791
24,32,200,79,15800,8.958053258523043,-0.18041570921188269,1.1804157092118828,0.13793103448275862,0.8620689655172413
24,33,200,200,40000,7.815693336614244,0.09051173555631745,0.9094882644436826,0.0958904109589041,0.904109589041096
24,34,200,200,40000,8.035056602119994,0.01654629932792538,0.9834537006720746,0.10526315789473684,0.8947368421052632
24,35,200,200,40000,8.006855387838238,-0.014220442454155114,1.0142204424541552,0.13253012048192772,0.8674698795180723
24,36,200,200,40000,6.752366984843331,0.27188857628932644,0.7281114237106736,0.13580246913580246,0.8641975308641976
24,37,200,200,40000,6.711343991893976,0.27576831229505483,0.7242316877049452,0.10975609756097561,0.8902439024390244
24,38,200,200,40000,7.12087689700748,0.16914813300928228,0.8308518669907177,0.1276595744680851,0.8723404255319149
24,39,200,200,40000,7.521476232250657,0.06300562009549233,0.9369943799045076,0.11764705882352941,0.8823529411764706
24,40,200,200,40000,7.706214380661675,0.0003868167293036634,0.9996131832706964,0.09523809523809523,0.9047619047619048
24,41,200,200,40000,7.006044620259827,0.16056809866493593,0.8394319013350641,0.1111111111111111,0.8888888888888888
24,42,200,200,40000,7.529295469729654,0.020282944604232415,0.9797170553957676,0.11764705882352941,0.8823529411764706
24,43,200,200,40000,8.836748012131544,-0.36883516019886237,1.3688351601988624,0.11842105263157894,0.881578947368421
24,44,200,200,40000,7.360775393620176,0.04432455227772313,0.9556754477222769,0.17857142857142858,0.8214285714285714
24,45,200,200,40000,7.502664833121091,-0.007124128085841412,1.0071241280858414,0.12941176470588237,0.8705882352941177
24,46,200,178,35600,6.243759835886665,0.29535842909410903,0.704641570905891,0.1506849315068493,0.8493150684931507
24,47,200,149,29800,7.064425775207372,0.08622444467608614,0.9137755553239139,0.10227272727272728,0.8977272727272727
24,48,200,200,40000,7.163719433057152,0.053517705972616084,0.9464822940273839,0.1125,0.8875
24,49,200,200,40000,6.407908663494427,0.23028994406541414,0.7697100559345859,0.13333333333333333,0.8666666666666667
24,50,200,200,40000,7.47939134042388,-0.0637701127490345,1.0637701127490344,0.125,0.875
24,51,200,200,40000,7.402441587069336,-0.044769588631489894,1.0447695886314898,0.1111111111111111,0.8888888888888888
24,52,200,200,40000,7.748726758298792,-0.17301461123830442,1.1730146112383044,0.13253012048192772,0.8674698795180723
24,53,200,200,40000,7.4779792853081615,-0.09812407661845457,1.0981240766184546,0.11594202898550725,0.8840579710144928
24,54,200,200,40000,7.106444003800642,-0.018853176219046853,1.018853176219047,0.15053763440860216,0.8494623655913979
24,55,200,200,40000,6.3735630996659065,0.16872176670385153,0.8312782332961485,0.15476190476190477,0.8452380952380952
24,56,200,200,40000,7.070688818307834,-0.038960203160274924,1.038960203160275,0.10975609756097561,0.8902439024390244
24,57,200,200,40000,5.8803177715363555,0.24969216034236855,0.7503078396576315,0.15217391304347827,0.8478260869565217
24,58,200,200,40000,7.218144051977425,-0.15261620139174153,1.1526162013917416,0.11764705882352941,0.8823529411764706
24,59,200,200,40000,6.139996871050279,0.09816130138736372,0.9018386986126363,0.136986301369863,0.863013698630137
25,26,200,200,40000,6.462339158313185,0.10280435076116379,0.8971956492388362,0.12987012987012986,0.8701298701298701
25,27,200,200,40000,7.51254956727267,-0.22780894128658064,1.2278089412865807,0.10975609756097561,0.8902439024390244
25,28,200,200,40000,7.051057314622055,-0.13087488925546162,1.1308748892554616,0.11458333333333333,0.8854166666666666
25,29,200,200,40000,5.801197780001443,0.18024367638944114,0.8197563236105588,0.11764705882352941,0.8823529411764706
25,30,200,200,40000,8.763855829286555,0.0001937515294979798,0.999806248470502,0.11224489795918367,0.8877551020408163
25,31,200,200,40000,9.585854888154294,-0.33277443599679085,1.3327744359967908,0.125,0.875
25,32,200,79,15800,8.865528021784991,-0.1794756937157788,1.1794756937157789,0.13660287081339711,0.8633971291866029
25,33,200,200,40000,7.690140391827133,0.10343370113438397,0.896566298865616,0.08974358974358974,0.9102564102564102
25,34,200,200,40000,8.292168513970422,-0.07116434485657655,1.0711643448565766,0.10256410256410256,0.8974358974358975
25,35,200,200,40000,8.266009017375845,-0.10578854626553962,1.1057885462655397,0.125,0.875
25,36,200,200,40000,8.190743492767286,-0.10385266693334191,1.103852666933342,0.125,0.875
25,37,200,200,40000,8.172433391353712,-0.10627318888562931,1.1062731888856292,0.11764705882352941,0.8823529411764706
25,38,200,200,40000,8.325962701256897,-0.16717636901872726,1.1671763690187273,0.1188118811881188,0.8811881188118812
25,39,200,200,40000,7.28519154939262,0.10292638990788938,0.8970736100921106,0.1111111111111111,0.8888888888888888
25,40,200,200,40000,6.593101419500842,0.25627444951978184,0.7437255504802182,0.0975609756097561,0.9024390243902439
25,41,200,200,40000,7.206311961985175,0.09152253065656012,0.9084774693434399,0.10344827586206896,0.896551724137931
25,42,200,200,40000,7.295977916383286,0.059780620657103184,0.9402193793428968,0.11688311688311688,0.8831168831168831
25,43,200,200,40000,8.011628916215475,-0.15032473303404284,1.150324733034043,0.1125,0.8875
25,44,200,200,40000,7.912421405416331,-0.13142379741448576,1.1314237974144858,0.13580246913580246,0.8641975308641976
25,45,200,200,40000,6.906014916474164,0.12770065484175744,0.8722993451582426,0.13095238095238096,0.8690476190476191
25,46,200,178,35600,7.946909972103597,-0.17168248689745158,1.1716824868974516,0.125,0.875
25,47,200,149,29800,7.8649665648632805,-0.1610495211552136,1.1610495211552136,0.09615384615384616,0.9038461538461539
25,48,200,200,40000,6.367315262468925,0.23516915714353054,0.7648308428564694,0.10843373493975904,0.891566265060241
25,49,200,200,40000,7.533089434732218,-0.09077717692194574,1.0907771769219456,0.11627906976744186,0.8837209302325582
25,50,200,200,40000,6.671546894695956,0.13283549565653552,0.8671645043434645,0.11702127659574468,0.8829787234042553
25,51,200,200,40000,8.545146763841451,-0.42800148950518985,1.4280014895051898,0.10666666666666667,0.8933333333333333
25,52,200,200,40000,8.334898364160939,-0.3923907459768343,1.3923907459768343,0.11956521739130435,0.8804347826086957
25,53,200,200,40000,7.83721069140029,-0.2374702572507502,1.23747025725075,0.1125,0.8875
25,54,200,200,40000,6.555173692662749,0.11008204469661312,0.8899179553033869,0.12195121951219512,0.8780487804878049
25,55,200,200,40000,6.4408526791599545,0.12812835456507143,0.8718716454349286,0.13829787234042554,0.8617021276595744
25,56,200,200,40000,6.122600112025404,0.19973408931157474,0.8002659106884252,0.10810810810810811,0.8918918918918919
25,57,200,200,40000,6.860081768874902,-0.052079771298759715,1.0520797712987597,0.13043478260869565,0.8695652173913043
25,58,200,200,40000,6.878771834351223,-0.07668719345484389,1.0766871934548439,0.11627906976744186,0.8837209302325582
25,59,200,200,40000,7.284790994088744,-0.3181032609342337,1.3181032609342336,0.11956521739130435,0.8804347826086957
26,27,200,200,40000,6.852537911473591,-0.049177918294611905,1.049177918294612,0.12,0.88
26,28,200,200,40000,7.02200267547794,-0.15326761126295604,1.153267611262956,0.11538461538461539,0.8846153846153846
26,29,200,200,40000,7.3732266238171995,-0.3727740710905184,1.3727740710905185,0.11538461538461539,0.8846153846153846
26,30,200,200,40000,7.311261608392215,0.31970019473592254,0.6802998052640774,0.1326530612244898,0.8673469387755102
26,31,200,200,40000,7.236822091039216,0.25176859623783454,0.7482314037621655,0.15,0.85
26,32,200,79,15800,8.040706176152845,0.019177868998606327,0.9808221310013937,0.13157894736842105,0.868421052631579
26,33,200,200,40000,9.253702443594605,-0.34399892776376034,1.3439989277637603,0.07865168539325842,0.9213483146067416
26,34,200,200,40000,8.488934317752316,-0.14766539042256685,1.1476653904225669,0.10526315789473684,0.8947368421052632
26,35,200,200,40000,7.723366749307149,0.01839294975650062,0.9816070502434994,0.1282051282051282,0.8717948717948718
26,36,200,200,40000,8.6283319651157,-0.2546292739996457,1.2546292739996456,0.11392405063291139,0.8860759493670887
26,37,200,200,40000,7.199756923009864,0.12929093145334716,0.8707090685466529,0.12,0.88
26,38,200,200,40000,6.867827409112848,0.19653565344251736,0.8034643465574827,0.13414634146341464,0.8658536585365854
26,39,200,200,40000,7.490144356222249,0.03046137752658351,0.9695386224734165,0.1308411214953271,0.8691588785046729
26,40,200,200,40000,6.315393830357052,0.3055628164546756,0.6944371835453245,0.10606060606060606,0.8939393939393939
26,41,200,200,40000,7.535442653587038,-0.01666464880239758,1.0166646488023976,0.0963855421686747,0.9036144578313253
26,42,200,200,40000,8.13495370870469,-0.19879552193268343,1.1987955219326834,0.11688311688311688,0.8831168831168831
26,43,200,200,40000,6.279229307186977,0.28279149412827154,0.7172085058717285,0.1323529411764706,0.8676470588235294
26,44,200,200,40000,7.696454928006404,-0.09460327993029174,1.0946032799302918,0.12643678160919541,0.8735632183908046
26,45,200,200,40000,7.314228222868306,-0.0019472571831211684,1.0019472571831212,0.11814602720114531,0.8818539727988547
26,46,200,178,35600,7.875394061829566,-0.1778635663188563,1.1778635663188564,0.14705882352941177,0.8529411764705882
26,47,200,149,29800,7.5157563656162765,-0.08489796886375933,1.0848979688637592,0.1125,0.8875
26,48,200,200,40000,7.450075686623825,-0.0738427426365648,1.0738427426365649,0.09722222222222222,0.9027777777777778
26,49,200,200,40000,7.564027212590499,-0.12650963415293795,1.126509634152938,0.10843373493975904,0.891566265060241
26,50,200,200,40000,6.6078405442557875,0.1289183904284836,0.8710816095715164,0.1111111111111111,0.8888888888888888
26,51,200,200,40000,7.276116865482507,-0.060128001415309176,1.0601280014153092,0.1111111111111111,0.8888888888888888
26,52,200,200,40000,7.290827013724021,-0.0919642320947561,1.091964232094756,0.13333333333333333,0.8666666666666667
26,53,200,200,40000,7.641520788456544,-0.20626125338510246,1.2062612533851025,0.11538461538461539,0.8846153846153846
26,54,200,200,40000,5.947769154261848,0.24858609453457217,0.7514139054654279,0.13793103448275862,0.8620689655172413
26,55,200,200,40000,6.363640599280938,0.12660119683768004,0.87339880316232,0.15384615384615385,0.8461538461538461
26,56,200,200,40000,7.125911921626051,-0.11300328153699622,1.1130032815369961,0.10227272727272728,0.8977272727272727
26,57,200,200,40000,6.692449338408551,-0.02919533942504026,1.0291953394250402,0.11392405063291139,0.8860759493670887
26,58,200,200,40000,6.4528661061592505,0.02584783751980208,0.9741521624801979,0.11392405063291139,0.8860759493670887
26,59,200,200,40000,7.2803357478762285,-0.35627615243576505,1.3562761524357652,0.12987012987012986,0.8701298701298701
27,28,200,200,40000,6.20604099178795,0.0872840626752499,0.9127159373247501,0.1232876712328767,0.8767123287671232
27,29,200,200,40000,6.264236339055895,-0.0026361232927698567,1.0026361232927699,0.12162162162162163,0.8783783783783784
27,30,200,200,40000,9.698117808124078,-0.27813412124633685,1.2781341212463369,0.08974358974358974,0.9102564102564102
27,31,200,200,40000,7.491104572283596,0.18726536028400337,0.8127346397159967,0.14084507042253522,0.8591549295774648
27,32,200,79,15800,7.577553869449797,0.12725573921024108,0.8727442607897589,0.11594202898550725,0.8840579710144928
27,33,200,200,40000,7.6743858486333485,0.08208767900100644,0.9179123209989936,0.13114754098360656,0.8688524590163934
27,34,200,200,40000,7.574233876619048,0.08660687270479443,0.9133931272952056,0.07042253521126761,0.9295774647887324
27,35,200,200,40000,8.251022420340167,-0.13656230550255632,1.1365623055025562,0.13541666666666666,0.8645833333333334
27,36,200,200,40000,8.689799008739804,-0.2865129593405502,1.2865129593405502,0.10256410256410256,0.8974358974358975
27,37,200,200,40000,8.012387882500528,-0.0964030366944088,1.0964030366944089,0.11594202898550725,0.8840579710144928
27,38,200,200,40000,8.09746844163227,-0.1388392217551641,1.1388392217551642,0.10638297872340426,0.8936170212765957
27,39,200,200,40000,6.97246549648505,0.1549126282905384,0.8450873717094616,0.08333333333333333,0.9166666666666666
27,40,200,200,40000,7.535610399511677,-0.008136705375023217,1.0081367053750232,0.06349206349206349,0.9365079365079365
27,41,200,200,40000,9.056487739955815,-0.4933383056299364,1.4933383056299365,0.08955223880597014,0.9104477611940298
27,42,200,200,40000,6.686916947669966,0.18732316619059775,0.8126768338094023,0.13580246913580246,0.8641975308641976
27,43,200,200,40000,6.58757346689428,0.2010577604788041,0.7989422395211959,0.140625,0.859375
27,44,200,200,40000,6.933640024834582,0.1048163598823533,0.8951836401176467,0.13333333333333333,0.8666666666666667
27,45,200,200,40000,7.31000274343173,-0.011763345848834249,1.0117633458488342,0.14285714285714285,0.8571428571428572
27,46,200,178,35600,6.981639638194907,0.06634091762406163,0.9336590823759383,0.15254237288135594,0.847457627118644
27,47,200,149,29800,7.373658733068831,-0.05572255347375579,1.0557225534737558,0.09090909090909091,0.9090909090909091
27,48,200,200,40000,7.589901239154702,-0.12758868183949396,1.127588681839494,0.08823529411764706,0.9117647058823529
27,49,200,200,40000,6.677820860550778,0.11341150985653552,0.8865884901434645,0.12162162162162163,0.8783783783783784
27,50,200,200,40000,7.49585165699657,-0.1354356583941232,1.1354356583941232,0.1038961038961039,0.8961038961038961
27,51,200,200,40000,6.286381332215606,0.20080704111706485,0.7991929588829352,0.07142857142857142,0.9285714285714286
27,52,200,200,40000,5.241777028557445,0.4304123265546803,0.5695876734453197,0.15151515151515152,0.8484848484848485
27,53,200,200,40000,6.595412745875035,0.09124653376606436,0.9087534662339356,0.10294117647058823,0.8970588235294118
27,54,200,200,40000,7.258597706751094,-0.1333086472648051,1.133308647264805,0.13095238095238096,0.8690476190476191
27,55,200,200,40000,7.038464357823714,-0.08189374038618485,1.0818937403861848,0.12987012987012986,0.8701298701298701
27,56,200,200,40000,6.557866667795868,0.04541284269045307,0.9545871573095469,0.09523809523809523,0.9047619047619048
27,57,200,200,40000,6.745911246772636,-0.05963094525360629,1.0596309452536063,0.11538461538461539,0.8846153846153846
27,58,200,200,40000,6.350121946892889,0.04382920840731744,0.9561707915926826,0.10294117647058823,0.8970588235294118
27,59,200,200,40000,6.682690267351348,-0.157558464419931,1.157558464419931,0.16666666666666666,0.8333333333333334
28,29,200,200,40000,6.031132654514317,0.020881221881468178,0.9791187781185319,0.12359550561797752,0.8764044943820225
28,30,200,200,40000,8.791757329588096,-0.0652277694162153,1.0652277694162153,0.0967741935483871,0.9032258064516129
28,31,200,200,40000,8.880598281539207,-0.21064541823639177,1.2106454182363917,0.11650485436893204,0.883495145631068
28,32,200,79,15800,7.602378878436595,0.09323174662630744,0.9067682533736926,0.1267605633802817,0.8732394366197183
28,33,200,200,40000,8.089958365459124,-0.061298092548914,1.061298092548914,0.1095890410958904,0.8904109589041096
28,34,200,200,40000,8.162520553717004,-0.10643075119791841,1.1064307511979183,0.07042253521126761,0.9295774647887324
28,35,200,200,40000,6.685677206350186,0.24347076249258698,0.7565292375074131,0.12941176470588237,0.8705882352941177
28,36,200,200,40000,7.6089163975219645,-0.013992923791647405,1.0139929237916474,0.11904761904761904,0.8809523809523809
28,37,200,200,40000,7.768158915977377,-0.06672571491857295,1.066725714918573,0.10294117647058823,0.8970588235294118
28,38,200,200,40000,7.561936732517077,-0.026151346086204966,1.026151346086205,0.10588235294117647,0.8941176470588236
28,39,200,200,40000,6.81785612377225,0.16506162072486275,0.8349383792751373,0.10344827586206896,0.896551724137931
28,40,200,200,40000,7.707577472148734,-0.09642174139131962,1.0964217413913195,0.06944444444444445,0.9305555555555556
28,41,200,200,40000,7.7954967144857426,-0.14445287590685885,1.1444528759068588,0.08860759493670886,0.9113924050632911
28,42,200,200,40000,7.496120703957658,-0.06630530968557885,1.0663053096855788,0.12,0.88
28,43,200,200,40000,6.825644203243723,0.10857084156405417,0.8914291584359458,0.12658227848101267,0.8734177215189873
28,44,200,200,40000,6.303284909768874,0.23609458633925873,0.7639054136607413,0.13513513513513514,0.8648648648648649
28,45,200,200,40000,6.119738462256734,0.26919280655345723,0.7308071934465428,0.11627906976744186,0.8837209302325582
28,46,200,178,35600,5.932157582473751,0.30468399699416543,0.6953160030058345,0.15942028985507245,0.8405797101449275
28,47,200,149,29800,8.026658303401948,-0.3060420936114314,1.3060420936114314,0.0759493670886076,0.9240506329113924
28,48,200,200,40000,6.96743777334255,0.012542965465603503,0.9874570345343965,0.08045977011494253,0.9195402298850575
28,49,200,200,40000,5.636423198900838,0.3465683890526637,0.6534316109473364,0.12643678160919541,0.8735632183908046
28,50,200,200,40000,6.895466479509039,-0.0003859838977239987,1.000385983897724,0.1111111111111111,0.8888888888888888
28,51,200,200,40000,6.6832317197523325,0.05813248579929626,0.9418675142007037,0.09722222222222222,0.9027777777777778
28,52,200,200,40000,6.396688059762714,0.11386741687749233,0.8861325831225076,0.13095238095238096,0.8690476190476191
28,53,200,200,40000,6.751529639994421,0.006133938128007169,0.9938660618719928,0.13846153846153847,0.8615384615384616
28,54,200,200,40000,6.396099048832573,0.08117228597998075,0.9188277140200193,0.14285714285714285,0.8571428571428572
28,55,200,200,40000,7.26162851503959,-0.20456076887035513,1.2045607688703552,0.13095238095238096,0.8690476190476191
28,56,200,200,40000,6.626075677189666,-0.01965451335960091,1.019654513359601,0.09195402298850575,0.9080459770114943
28,57,200,200,40000,6.313726566169105,0.026703980918187584,0.9732960190818124,0.13402061855670103,0.865979381443299
28,58,200,200,40000,6.64911630559271,-0.10033088808616367,1.1003308880861637,0.11594202898550725,0.8840579710144928
28,59,200,200,40000,5.867062908413818,0.0609035533508606,0.9390964466491394,0.13636363636363635,0.8636363636363636
29,30,200,200,40000,7.817986002028941,0.14752387600069636,0.8524761239993036,0.10743801652892562,0.8925619834710744
29,31,200,200,40000,8.60688940513706,-0.19782086776350907,1.1978208677635092,0.13253012048192772,0.8674698795180723
29,32,200,79,15800,8.507733674586538,-0.22383502444794443,1.2238350244479443,0.13793103448275862,0.8620689655172413
29,33,200,200,40000,7.224602821950825,0.12445896715630965,0.8755410328436903,0.10256410256410256,0.8974358974358975
29,34,200,200,40000,7.053259753669901,0.14761447763870206,0.8523855223612979,0.08955223880597014,0.9104477611940298
29,35,200,200,40000,7.274866477676122,0.04296902710797076,0.9570309728920292,0.12903225806451613,0.8709677419354839
29,36,200,200,40000,6.877504412514748,0.13486295439733126,0.8651370456026688,0.14285714285714285,0.8571428571428572
29,37,200,200,40000,8.111358314741395,-0.2426631159393378,1.2426631159393378,0.1,0.9
29,38,200,200,40000,7.275417998335917,-0.004153850484550293,1.0041538504845502,0.12903225806451613,0.8709677419354839
29,39,200,200,40000,5.631863554480613,0.4184118388853712,0.5815881611146287,0.12149532710280374,0.8785046728971962
29,40,200,200,40000,7.3252271795783805,-0.04898793738725474,1.0489879373872548,0.08571428571428572,0.9142857142857143
29,41,200,200,40000,7.097204456327535,-0.002517974839310707,1.0025179748393107,0.1038961038961039,0.8961038961038961
29,42,200,200,40000,6.5651688084293855,0.14054809414546063,0.8594519058545393,0.125,0.875
29,43,200,200,40000,8.085060147566217,-0.34956961452618823,1.3495696145261882,0.11764705882352941,0.8823529411764706
29,44,200,200,40000,6.256607674022759,0.20311745901289804,0.796882540987102,0.13793103448275862,0.8620689655172413
29,45,200,200,40000,7.433216166564242,-0.1633115935712952,1.1633115935712952,0.125,0.875
29,46,200,178,35600,7.1292454114738755,-0.08191238778425604,1.081912387784256,0.1346153846153846,0.8653846153846154
29,47,200,149,29800,7.397142504696701,-0.18381166762289813,1.1838116676228982,0.08333333333333333,0.9166666666666666
29,48,200,200,40000,7.328649922325886,-0.1710580258094708,1.1710580258094707,0.08235294117647059,0.9176470588235294
29,49,200,200,40000,6.084638954836914,0.18672288218685937,0.8132771178131406,0.125,0.875
29,50,200,200,40000,5.9738713860749755,0.20318639055713772,0.7968136094428623,0.1326530612244898,0.8673469387755102
29,51,200,200,40000,6.843454186640632,-0.05795064506245869,1.0579506450624587,0.08974358974358974,0.9102564102564102
29,52,200,200,40000,6.722902148630054,-0.05047669159378732,1.0504766915937873,0.13333333333333333,0.8666666666666667
29,53,200,200,40000,7.346019565086774,-0.26621044863516297,1.2662104486351629,0.1038961038961039,0.8961038961038961
29,54,200,200,40000,6.571937544990047,-0.042652857831963036,1.042652857831963,0.13978494623655913,0.8602150537634409
29,55,200,200,40000,5.980676714454448,0.1238245577180217,0.8761754422819783,0.1411764705882353,0.8588235294117648
29,56,200,200,40000,5.639438842040128,0.20729587204271618,0.7927041279572838,0.09836065573770492,0.9016393442622951
29,57,200,200,40000,6.618624140225121,-0.15658827489365398,1.156588274893654,0.12658227848101267,0.8734177215189873
29,58,200,200,40000,6.137036781938989,-0.014568913708447564,1.0145689137084475,0.11904761904761904,0.8809523809523809
29,59,200,200,40000,5.885990960413745,-0.0314617011944182,1.0314617011944183,0.13253012048192772,0.8674698795180723
30,31,200,200,40000,9.137098961992697,0.15620804978139688,0.8437919502186031,0.12745098039215685,0.8725490196078431
30,32,200,79,15800,10.190720827018698,-0.08077004147999937,1.0807700414799994,0.13513513513513514,0.8648648648648649
30,33,200,200,40000,10.506409190705748,-0.16640480577627878,1.1664048057762788,0.06818181818181818,0.9318181818181819
30,34,200,200,40000,10.545493653072475,-0.19247320804621185,1.192473208046212,0.08849557522123894,0.911504424778761
30,35,200,200,40000,7.546027855840449,0.3793892233684545,0.6206107766315455,0.11458333333333333,0.8854166666666666
30,36,200,200,40000,8.559138842165563,0.1887008299023333,0.8112991700976667,0.1188118811881188,0.8811881188118812
30,37,200,200,40000,9.071805483386155,0.08246833841771044,0.9175316615822896,0.10975609756097561,0.8902439024390244
30,38,200,200,40000,7.129206523380328,0.43479204213775624,0.5652079578622438,0.14285714285714285,0.8571428571428572
30,39,200,200,40000,8.221696516669605,0.2375839352893214,0.7624160647106786,0.12871287128712872,0.8712871287128713
30,40,200,200,40000,7.822947220944312,0.3051457974367972,0.6948542025632027,0.10344827586206896,0.896551724137931
30,41,200,200,40000,9.188545255443909,0.02042803169656219,0.9795719683034378,0.1,0.9
30,42,200,200,40000,10.120348130113639,-0.20183240320342233,1.2018324032034222,0.09090909090909091,0.9090909090909091
30,43,200,200,40000,9.721756932007665,-0.11638841922907488,1.116388419229075,0.0967741935483871,0.9032258064516129
30,44,200,200,40000,10.002322613507676,-0.19089209746075686,1.1908920974607569,0.1076923076923077,0.8923076923076922
30,45,200,200,40000,9.853902005297433,-0.16649141604988593,1.1664914160498858,0.11,0.89
30,46,200,178,35600,9.684478941992355,-0.13509630727743835,1.1350963072774383,0.11304347826086956,0.8869565217391304
30,47,200,149,29800,9.855985302249673,-0.1870259183090446,1.1870259183090446,0.09183673469387756,0.9081632653061225
30,48,200,200,40000,10.51608854439157,-0.3646568599705082,1.3646568599705082,0.08163265306122448,0.9183673469387755
30,49,200,200,40000,9.491649085283125,-0.11648951421303441,1.1164895142130344,0.08571428571428572,0.9142857142857143
30,50,200,200,40000,7.42823671457309,0.3304977101206093,0.6695022898793908,0.11724137931034483,0.8827586206896552
30,51,200,200,40000,9.386550649020835,-0.10369625840404553,1.1036962584040455,0.09278350515463918,0.9072164948453608
30,52,200,200,40000,9.60855524860478,-0.17998877994678286,1.179988779946783,0.11320754716981132,0.8867924528301887
30,53,200,200,40000,8.932151331794941,-0.014684515325022145,1.0146845153250221,0.09615384615384616,0.9038461538461539
30,54,200,200,40000,7.829171363765334,0.22321773492724323,0.7767822650727567,0.1323529411764706,0.8676470588235294
30,55,200,200,40000,7.725326149009689,0.2393690916902501,0.7606309083097499,0.14960629921259844,0.8503937007874016
30,56,200,200,40000,8.936909575291716,-0.05695923788812942,1.0569592378881294,0.09574468085106383,0.9042553191489362
30,57,200,200,40000,9.161026954638597,-0.1524560755689734,1.1524560755689734,0.10377358490566038,0.8962264150943396
30,58,200,200,40000,8.652899541976167,-0.02847553813005986,1.0284755381300599,0.11403508771929824,0.8859649122807017
30,59,200,200,40000,8.869141136113615,-0.1551350884505992,1.1551350884505993,0.10576923076923077,0.8942307692307693
31,32,200,79,15800,10.415067029278324,-0.21689556060984827,1.2168955606098484,0.13095238095238096,0.8690476190476191
31,33,200,200,40000,10.069982352889172,-0.1557680110025147,1.1557680110025146,0.10526315789473684,0.8947368421052632
31,34,200,200,40000,10.316799098773824,-0.23217824461449674,1.2321782446144967,0.1,0.9
31,35,200,200,40000,9.105854965244543,0.013252610407892749,0.9867473895921073,0.13095238095238096,0.8690476190476191
31,36,200,200,40000,9.775948076394572,-0.1524711071288536,1.1524711071288536,0.12745098039215685,0.8725490196078431
31,37,200,200,40000,8.224880571677303,0.18198285036101144,0.8180171496389885,0.140625,0.859375
31,38,200,200,40000,8.913135047520274,0.02710544617603631,0.9728945538239637,0.13043478260869565,0.8695652173913043
31,39,200,200,40000,9.747293073501545,-0.17281623791905645,1.1728162379190565,0.11403508771929824,0.8859649122807017
31,40,200,200,40000,9.13596601123583,-0.041108239914747144,1.041108239914747,0.08823529411764706,0.9117647058823529
31,41,200,200,40000,10.011223706694999,-0.269576677431734,1.269576677431734,0.09090909090909091,0.9090909090909091
31,42,200,200,40000,9.238029004170537,-0.08631966637355183,1.086319666373552,0.14285714285714285,0.8571428571428572
31,43,200,200,40000,8.152198132310634,0.1498835533054057,0.8501164466945943,0.136986301369863,0.863013698630137
31,44,200,200,40000,9.8801379220144,-0.2646532879734902,1.2646532879734902,0.1414141414141414,0.8585858585858586
31,45,200,200,40000,9.33339452414966,-0.13866982693693883,1.1386698269369389,0.14285714285714285,0.8571428571428572
31,46,200,178,35600,8.39850460963403,0.07390084622345292,0.9260991537765471,0.14864864864864866,0.8513513513513513
31,47,200,149,29800,8.474968621322127,0.04853148535118113,0.9514685146488189,0.1,0.9
31,48,200,200,40000,9.427955696761014,-0.1899054473780472,1.1899054473780473,0.09278350515463918,0.9072164948453608
31,49,200,200,40000,9.640164436247337,-0.2615203446786647,1.2615203446786647,0.1111111111111111,0.8888888888888888
31,50,200,200,40000,7.728071933606116,0.19241859701801628,0.8075814029819837,0.12244897959183673,0.8775510204081632
31,51,200,200,40000,8.5291209105387,0.0070556838435573005,0.9929443161564427,0.0963855421686747,0.9036144578313253
31,52,200,200,40000,7.752780133665524,0.17172433041553467,0.8282756695844653,0.14285714285714285,0.8571428571428572
31,53,200,200,40000,8.925342787553959,-0.11541318771617952,1.1154131877161795,0.11578947368421053,0.8842105263157894
31,54,200,200,40000,8.358886320976563,0.007343926555045123,0.9926560734449549,0.15730337078651685,0.8426966292134832
31,55,200,200,40000,6.688845200765777,0.37750629590462853,0.6224937040953715,0.17,0.83
31,56,200,200,40000,9.86249946681283,-0.43640072149454756,1.4364007214945476,0.0975609756097561,0.9024390243902439
31,57,200,200,40000,9.058045974733057,-0.24604049207497897,1.246040492074979,0.125,0.875
31,58,200,200,40000,9.165380320446799,-0.29574448718582774,1.2957444871858277,0.11363636363636363,0.8863636363636364
31,59,200,200,40000,8.298765500426123,-0.11549168422173521,1.1154916842217353,0.14285714285714285,0.8571428571428572
32,33,79,200,15800,9.844538587943093,-0.14044533370054446,1.1404453337005445,0.09523809523809523,0.9047619047619048
32,34,79,200,15800,8.523517337679127,0.13150281895121885,0.8684971810487812,0.109375,0.890625
32,35,79,200,15800,9.491904669631701,-0.10901997045736135,1.1090199704573613,0.13953488372093023,0.8604651162790697
32,36,79,200,15800,8.98008796555314,-0.005284242258308082,1.0052842422583081,0.16279069767441862,0.8372093023255813
32,37,79,200,15800,9.531390713160507,-0.1387561584250214,1.1387561584250214,0.11764705882352941,0.8823529411764706
32,38,79,200,15800,7.557006282689972,0.27717150058518486,0.7228284994148151,0.16853932584269662,0.8314606741573034
32,39,79,200,15800,8.436525478583853,0.0920210162583571,0.9079789837416429,0.13,0.87
32,40,79,200,15800,8.984856548709255,-0.042816636841952235,1.0428166368419522,0.125,0.875
32,41,79,200,15800,8.65638243084421,0.019278935941829806,0.9807210640581702,0.10606060606060606,0.8939393939393939
32,42,79,200,15800,10.40192586628577,-0.4300786312019159,1.430078631201916,0.12736185383244206,0.872638146167558
32,43,79,200,15800,8.294899467217173,0.08578990559960686,0.9142100944003931,0.1506849315068493,0.8493150684931507
32,44,79,200,15800,8.278678101269326,0.08357719443263587,0.9164228055673641,0.13846153846153847,0.8615384615384616
32,45,79,200,15800,7.587004153083173,0.2244923610385528,0.7755076389614473,0.14634146341463414,0.8536585365853658
32,46,79,178,14062,9.149581271884033,-0.1450583387354666,1.1450583387354667,0.15714285714285714,0.8428571428571429
32,47,79,149,11771,8.383970606365276,0.032735519439697554,0.9672644805603025,0.08045977011494253,0.9195402298850575
32,48,79,200,15800,8.02960396842908,0.10959842123764674,0.8904015787623533,0.08955223880597014,0.9104477611940298
32,49,79,200,15800,7.80667282195785,0.14915566302590966,0.8508443369740903,0.11627906976744186,0.8837209302325582
32,50,79,200,15800,9.087307537640905,-0.17378527808490146,1.1737852780849014,0.13953488372093023,0.8604651162790697
32,51,79,200,15800,6.839114292327618,0.3452210550643963,0.6547789449356036,0.0963855421686747,0.9036144578313253
32,52,79,200,15800,7.662872437264101,0.1565071091892822,0.8434928908107178,0.14285714285714285,0.8571428571428572
32,53,79,200,15800,7.841381428290933,0.11186099203819058,0.8881390079618094,0.1125,0.8875
32,54,79,200,15800,7.6400123663244965,0.14204843278063703,0.8579515672193629,0.1625,0.8375
32,55,79,200,15800,8.705216666692658,-0.1389673695228784,1.1389673695228784,0.1566265060240964,0.8433734939759037
32,56,79,200,15800,8.568316975953666,-0.11541076763754307,1.115410767637543,0.11538461538461539,0.8846153846153846
32,57,79,200,15800,7.659250283192486,0.0896282619619126,0.9103717380380874,0.13333333333333333,0.8666666666666667
32,58,79,200,15800,6.925599344900571,0.25983420447920447,0.7401657955207955,0.12658227848101267,0.8734177215189873
32,59,79,200,15800,8.225892587729863,-0.14842451080388722,1.1484245108038873,0.13513513513513514,0.8648648648648649
33,34,200,200,40000,9.080675777122845,-0.002565272518927947,1.002565272518928,0.05714285714285714,0.9428571428571428
33,35,200,200,40000,7.150017409255772,0.360231596695206,0.639768403304794,0.11494252873563218,0.8850574712643678
33,36,200,200,40000,8.763938794054265,0.025629953511786548,0.9743700464882135,0.08888888888888889,0.9111111111111111
33,37,200,200,40000,7.273337053956289,0.32607180120128115,0.6739281987987189,0.0945945945945946,0.9054054054054054
33,38,200,200,40000,9.642335789849891,-0.20071244771115965,1.2007124477111597,0.0963855421686747,0.9036144578313253
33,39,200,200,40000,9.435153173170804,-0.1574637974341369,1.1574637974341369,0.06097560975609756,0.9390243902439024
33,40,200,200,40000,9.166852657054912,-0.10563982293573372,1.1056398229357338,0.05333333333333334,0.9466666666666667
33,41,200,200,40000,8.658593827698569,0.0003448051340256459,0.9996551948659743,0.07575757575757576,0.9242424242424242
33,42,200,200,40000,7.52556037049223,0.24145234026449525,0.7585476597355048,0.12280701754385964,0.8771929824561404
33,43,200,200,40000,9.502428681519504,-0.22573492659941943,1.2257349265994195,0.11764705882352941,0.8823529411764706
33,44,200,200,40000,7.71375213470256,0.19019810932723996,0.80980189067276,0.11904761904761904,0.8809523809523809
33,45,200,200,40000,8.44956458251539,0.015742792578923123,0.9842572074210769,0.13114754098360656,0.8688524590163934
33,46,200,178,35600,8.20813873168712,0.06332702656295125,0.9366729734370487,0.11864406779661017,0.8813559322033898
33,47,200,149,29800,8.293726875148804,0.03483012032341235,0.9651698796765876,0.04819277108433735,0.9518072289156626
33,48,200,200,40000,8.04950147301441,0.0867882565176911,0.9132117434823089,0.07575757575757576,0.9242424242424242
33,49,200,200,40000,7.514707418607053,0.19647685335686815,0.8035231466431318,0.12667142093064718,0.8733285790693528
33,50,200,200,40000,9.096798269354569,-0.19983164080679972,1.1998316408067997,0.08860759493670886,0.9113924050632911
33,51,200,200,40000,8.696140703014171,-0.09687980574329852,1.0968798057432985,0.047619047619047616,0.9523809523809523
33,52,200,200,40000,8.572845042151586,-0.08605556820354567,1.0860555682035458,0.11392405063291139,0.8860759493670887
33,53,200,200,40000,7.991927588808356,0.05611573398988023,0.9438842660101198,0.08333333333333333,0.9166666666666666
33,54,200,200,40000,8.45765974797877,-0.08352770938261617,1.083527709382616,0.10975609756097561,0.8902439024390244
33,55,200,200,40000,8.805328124454151,-0.19130093264880318,1.191300932648803,0.0958904109589041,0.904109589041096
33,56,200,200,40000,6.631590636955963,0.33531626364561473,0.6646837363543853,0.09375,0.90625
33,57,200,200,40000,8.150962880880238,-0.06419512886307868,1.0641951288630787,0.1,0.9
33,58,200,200,40000,7.120514006714867,0.19278342315150632,0.8072165768484937,0.07692307692307693,0.9230769230769231
33,59,200,200,40000,6.493862361247079,0.3073872023006622,0.6926127976993378,0.13414634146341464,0.8658536585365854
34,35,200,200,40000,9.677461379866543,-0.19279311236472324,1.1927931123647233,0.08860759493670886,0.9113924050632911
34,36,200,200,40000,8.660135085410477,0.03213776076481547,0.9678622392351846,0.08045977011494253,0.9195402298850575
34,37,200,200,40000,7.596845363154325,0.2515539216974106,0.7484460783025895,0.08333333333333333,0.9166666666666666
34,38,200,200,40000,9.031616726439035,-0.07151698392003264,1.0715169839200327,0.10810810810810811,0.8918918918918919
34,39,200,200,40000,8.57100792089904,0.0285139627714952,0.9714860372285048,0.1,0.9
34,40,200,200,40000,7.801242509491953,0.18593431009072267,0.8140656899092773,0.11666666666666667,0.8833333333333333
34,41,200,200,40000,8.418871512865971,0.03795401216844154,0.9620459878315585,0.09333333333333334,0.9066666666666666
34,42,200,200,40000,8.105697201819485,0.10234345426912879,0.8976565457308712,0.09433962264150944,0.9056603773584906
34,43,200,200,40000,7.88989482161056,0.14174854898451789,0.8582514510154822,0.09230769230769231,0.9076923076923077
34,44,200,200,40000,7.256718058821673,0.2703981915292347,0.7296018084707653,0.1,0.9
34,45,200,200,40000,7.499251412103179,0.2119619101473922,0.7880380898526078,0.10843373493975904,0.891566265060241
34,46,200,178,35600,7.6741017439507235,0.1667811470458595,0.8332188529541404,0.09090909090909091,0.9090909090909091
34,47,200,149,29800,8.007596255894738,0.08360419408410935,0.9163958059158906,0.08823529411764706,0.9117647058823529
34,48,200,200,40000,7.410289201969032,0.21283608533847312,0.7871639146615269,0.10144927536231885,0.8985507246376812
34,49,200,200,40000,6.85805945714005,0.31969947220010203,0.6803005277998979,0.08571428571428572,0.9142857142857143
34,50,200,200,40000,7.943386251457306,0.07183299758154589,0.9281670024184541,0.07954545454545454,0.9204545454545454
34,51,200,200,40000,5.78434625001539,0.5159295716248407,0.48407042837515935,0.09230769230769231,0.9076923076923077
34,52,200,200,40000,7.69675625898609,0.11156511476828,0.88843488523172,0.08641975308641975,0.9135802469135803
34,53,200,200,40000,7.3447372952632755,0.19005372922790897,0.809946270772091,0.08955223880597014,0.9104477611940298
34,54,200,200,40000,9.466964194677374,-0.3940668245634839,1.394066824563484,0.07894736842105263,0.9210526315789473
34,55,200,200,40000,8.057954243257797,-0.012522413600210086,1.01252241360021,0.0958904109589041,0.904109589041096
34,56,200,200,40000,6.881542939241184,0.2634575042155494,0.7365424957844506,0.10810810810810811,0.8918918918918919
34,57,200,200,40000,8.49409349927789,-0.18658533762233306,1.186585337622333,0.08888888888888889,0.9111111111111111
34,58,200,200,40000,8.026029658925365,-0.06813982140206928,1.0681398214020692,0.07462686567164178,0.9253731343283582
34,59,200,200,40000,7.47382332130744,0.022018904845603454,0.9779810951543966,0.0821917808219178,0.9178082191780822
35,36,200,200,40000,8.059613423440071,0.13503625902671365,0.8649637409732863,0.1375,0.8625
35,37,200,200,40000,7.561781817880925,0.2344584228660612,0.7655415771339388,0.10975609756097561,0.8902439024390244
35,38,200,200,40000,7.815427613673007,0.1718444388050583,0.8281555611949417,0.12631578947368421,0.8736842105263158
35,39,200,200,40000,8.408198145228825,0.034532657672871815,0.9654673423271282,0.11235955056179775,0.8876404494382022
35,40,200,200,40000,8.483699944592813,0.004696131472366313,0.9953038685276336,0.08791208791208792,0.9120879120879121
35,41,200,200,40000,9.178644913181218,-0.1824977527536099,1.1824977527536098,0.12222222222222222,0.8777777777777778
35,42,200,200,40000,8.189981222843148,0.05218473483194482,0.9478152651680551,0.12631578947368421,0.8736842105263158
35,43,200,200,40000,8.610534933572062,-0.05845378863348425,1.0584537886334842,0.125,0.875
35,44,200,200,40000,7.676430156626227,0.15379418668610675,0.8462058133138932,0.14102564102564102,0.858974358974359
35,45,200,200,40000,8.042807473277913,0.060095305322084486,0.9399046946779155,0.13513513513513514,0.8648648648648649
35,46,200,178,35600,7.662971353973072,0.1391591246451142,0.8608408753548857,0.15730337078651685,0.8426966292134832
35,47,200,149,29800,9.103376403901882,-0.22954893108042201,1.229548931080422,0.0970873786407767,0.9029126213592233
35,48,200,200,40000,8.421124014364489,-0.05711707564601695,1.0571170756460169,0.09302325581395349,0.9069767441860466
35,49,200,200,40000,7.704355740936324,0.10488718614717685,0.8951128138528232,0.1282051282051282,0.8717948717948718
35,50,200,200,40000,7.763065603551629,0.08091852537906793,0.919081474620932,0.13104996096799376,0.8689500390320062
35,51,200,200,40000,8.793662427350192,-0.18577449045857777,1.1857744904585779,0.09574468085106383,0.9042553191489362
35,52,200,200,40000,7.331639222469005,0.16423579212575556,0.8357642078742444,0.14942528735632185,0.8505747126436781
35,53,200,200,40000,7.897840138735619,0.023177852856064354,0.9768221471439357,0.1076923076923077,0.8923076923076922
35,54,200,200,40000,8.664244950981699,-0.20666702028954345,1.2066670202895435,0.14942528735632185,0.8505747126436781
35,55,200,200,40000,8.72946248407221,-0.24032333393545446,1.2403233339354545,0.14444444444444443,0.8555555555555556
35,56,200,200,40000,6.975978834593655,0.2090675332622955,0.7909324667377045,0.10227272727272728,0.8977272727272727
35,57,200,200,40000,8.098662056650374,-0.11830054828544645,1.1183005482854464,0.13793103448275862,0.8620689655172413
35,58,200,200,40000,7.95961395569363,-0.09424066677392483,1.0942406667739248,0.11956521739130435,0.8804347826086957
35,59,200,200,40000,7.0408006576088,0.1003414343338215,0.8996585656661785,0.17105263157894737,0.8289473684210527
36,37,200,200,40000,8.173193728277596,0.09302572414082314,0.9069742758591769,0.10810810810810811,0.8918918918918919
36,38,200,200,40000,7.166830420038454,0.2936476073149385,0.7063523926850614,0.14634146341463414,0.8536585365853658
36,39,200,200,40000,7.9215594145059525,0.13077498227692855,0.8692250177230715,0.10989010989010989,0.8901098901098901
36,40,200,200,40000,7.81845950939815,0.14248300450026496,0.857516995499735,0.0958904109589041,0.904109589041096
36,41,200,200,40000,7.812777668555709,0.13111889125976553,0.8688811087402345,0.12359550561797752,0.8764044943820225
36,42,200,200,40000,8.891002713636887,-0.13405537156778852,1.1340553715677886,0.11538461538461539,0.8846153846153846
36,43,200,200,40000,9.519340946739257,-0.3136568704781677,1.3136568704781677,0.1125,0.8875
36,44,200,200,40000,8.116327775271158,0.03908449264664994,0.9609155073533501,0.1375,0.8625
36,45,200,200,40000,9.260849591693418,-0.26681990642093123,1.2668199064209311,0.1111111111111111,0.8888888888888888
36,46,200,178,35600,7.398733133665446,0.1852012092646867,0.8147987907353134,0.13432835820895522,0.8656716417910448
36,47,200,149,29800,8.455160428654905,-0.07606177191647712,1.0760617719164771,0.07142857142857142,0.9285714285714286
36,48,200,200,40000,7.807192219937817,0.07817836516634236,0.9218216348336576,0.07317073170731707,0.926829268292683
36,49,200,200,40000,7.69578664251506,0.09234503298629346,0.9076549670137065,0.10975609756097561,0.8902439024390244
36,50,200,200,40000,6.276493981467789,0.3932287966123824,0.6067712033876176,0.16842105263157894,0.8315789473684211
36,51,200,200,40000,7.580193177864868,0.10787718481285427,0.8921228151871458,0.10112359550561797,0.898876404494382
36,52,200,200,40000,7.995015283766609,-0.013927583667061825,1.0139275836670618,0.12195121951219512,0.8780487804878049
36,53,200,200,40000,7.526560284376575,0.0994356639564135,0.9005643360435865,0.08974358974358974,0.9102564102564102
36,54,200,200,40000,8.508860917270601,-0.18238826407947342,1.1823882640794734,0.18518518518518517,0.8148148148148149
36,55,200,200,40000,7.3193266071412175,0.12081195722931393,0.8791880427706861,0.1724137931034483,0.8275862068965517
36,56,200,200,40000,6.893187467258661,0.21389559579130663,0.7861044042086933,0.09090909090909091,0.9090909090909091
36,57,200,200,40000,5.928561300992808,0.40910398023635985,0.5908960197636401,0.16049382716049382,0.8395061728395061
36,58,200,200,40000,7.221939191918009,0.09080884720311459,0.9091911527968854,0.14814814814814814,0.8518518518518519
36,59,200,200,40000,6.904858876456401,0.11910353932464335,0.8808964606753567,0.125,0.875
37,38,200,200,40000,8.447040099006312,0.013142780542236934,0.9868572194577631,0.09523809523809523,0.9047619047619048
37,39,200,200,40000,9.67591598690214,-0.3043775245072814,1.3043775245072813,0.08888888888888889,0.9111111111111111
37,40,200,200,40000,7.505748285525911,0.20516451478172426,0.7948354852182757,0.07142857142857142,0.9285714285714286
37,41,200,200,40000,8.847647061984505,-0.12122444980846063,1.1212244498084607,0.07692307692307693,0.9230769230769231
37,42,200,200,40000,8.029020437628708,0.07005262577234081,0.9299473742276592,0.12195121951219512,0.8780487804878049
37,43,200,200,40000,7.964000214369139,0.0758304251768052,0.9241695748231948,0.12087912087912088,0.8791208791208791
37,44,200,200,40000,8.371776944564672,-0.028701423884897673,1.0287014238848977,0.11267605633802817,0.8873239436619719
37,45,200,200,40000,7.6968001891232944,0.12090625858300999,0.87909374141699,0.13333333333333333,0.8666666666666667
37,46,200,178,35600,6.411118469655402,0.3855705660533292,0.6144294339466708,0.12048192771084337,0.8795180722891567
37,47,200,149,29800,7.922229271833388,0.05020668927392172,0.9497933107260783,0.08974358974358974,0.9102564102564102
37,48,200,200,40000,8.845367662255592,-0.19267024499934957,1.1926702449993496,0.08860759493670886,0.9113924050632911
37,49,200,200,40000,8.121335127894044,-0.01830576508987938,1.0183057650898795,0.0875,0.9125
37,50,200,200,40000,7.747936609161492,0.06340966239739029,0.9365903376026097,0.1,0.9
37,51,200,200,40000,8.02306682537306,-0.0072844187474715655,1.0072844187474717,0.08450704225352113,0.9154929577464789
37,52,200,200,40000,7.672998446255096,0.06109126700559831,0.9389087329944017,0.11688311688311688,0.8831168831168831
37,53,200,200,40000,7.294753623927684,0.1492656127441675,0.8507343872558325,0.09722222222222222,0.9027777777777778
37,54,200,200,40000,7.927880816142268,-0.030522930870618876,1.030522930870619,0.11578947368421053,0.8842105263157894
37,55,200,200,40000,7.166196094102965,0.1521955277622736,0.8478044722377264,0.125,0.875
37,56,200,200,40000,8.198231885315652,-0.1315687097302419,1.1315687097302418,0.09523809523809523,0.9047619047619048
37,57,200,200,40000,7.892368970682649,-0.0870655268360022,1.087065526836002,0.11688311688311688,0.8831168831168831
37,58,200,200,40000,7.9393701150114095,-0.11678534084428496,1.116785340844285,0.1044776119402985,0.8955223880597015
37,59,200,200,40000,6.812833537504349,0.1371099595625308,0.8628900404374692,0.11842105263157894,0.881578947368421
38,39,200,200,40000,8.963371056121904,-0.13416207361420515,1.134162073614205,0.14814814814814814,0.8518518518518519
38,40,200,200,40000,7.878827718336131,0.11228992866389421,0.8877100713361058,0.1506849315068493,0.8493150684931507
38,41,200,200,40000,8.603210728956576,-0.07452294118867507,1.074522941188675,0.10714285714285714,0.8928571428571429
38,42,200,200,40000,9.649810261861555,-0.3622985859637291,1.362298585963729,0.11235955056179775,0.8876404494382022
38,43,200,200,40000,7.7405574211864225,0.11482294047856507,0.8851770595214349,0.14102564102564102,0.858974358974359
38,44,200,200,40000,7.449891804282838,0.17437076142406868,0.8256292385759313,0.11956521739130435,0.8804347826086957
38,45,200,200,40000,7.5489844965351605,0.14230532559039022,0.8576946744096098,0.1276595744680851,0.8723404255319149
38,46,200,178,35600,9.5818350927462,-0.3977900744620424,1.3977900744620424,0.11764705882352941,0.8823529411764706
38,47,200,149,29800,8.853633600966676,-0.20472188039666642,1.2047218803966664,0.08163265306122448,0.9183673469387755
38,48,200,200,40000,8.566249796506384,-0.13433815040454225,1.1343381504045422,0.08888888888888889,0.9111111111111111
38,49,200,200,40000,6.815281687057989,0.27433077849335946,0.7256692215066405,0.10975609756097561,0.8902439024390244
38,50,200,200,40000,6.571484733702781,0.31844667048366054,0.6815533295163394,0.14583333333333334,0.8541666666666666
38,51,200,200,40000,7.528306324916499,0.10082958907406567,0.8991704109259343,0.08860759493670886,0.9113924050632911
38,52,200,200,40000,7.6855032321918,0.04329555039141787,0.9567044496085821,0.13,0.87
38,53,200,200,40000,8.132726818034248,-0.07750788640499182,1.0775078864049918,0.09473684210526316,0.9052631578947369
38,54,200,200,40000,7.023801620672001,0.182170227167748,0.817829772832252,0.14893617021276595,0.851063829787234
38,55,200,200,40000,7.603432566552934,0.026968746364497795,0.9730312536355022,0.15306122448979592,0.846938775510204
38,56,200,200,40000,8.233405282186357,-0.1598334756285777,1.1598334756285777,0.1111111111111111,0.8888888888888888
38,57,200,200,40000,6.6893062919591095,0.21608523547608538,0.7839147645239146,0.11956521739130435,0.8804347826086957
38,58,200,200,40000,7.067777375010945,0.10844566101701367,0.8915543389829863,0.11494252873563218,0.8850574712643678
38,59,200,200,40000,7.0557454602699945,0.0502013424824171,0.9497986575175829,0.11578947368421053,0.8842105263157894
39,40,200,200,40000,8.343838004549076,-0.003116156300063896,1.003116156300064,0.12389380530973451,0.8761061946902655
39,41,200,200,40000,8.930041383399955,-0.16658585228044978,1.1665858522804498,0.09615384615384616,0.9038461538461539
39,42,200,200,40000,8.1180659362626,0.028695916970729003,0.971304083029271,0.09174311926605505,0.908256880733945
39,43,200,200,40000,8.7923326918257,-0.15135594805384733,1.1513559480538473,0.11702127659574468,0.8829787234042553
39,44,200,200,40000,7.419726700999817,0.17454561942782032,0.8254543805721797,0.10843373493975904,0.891566265060241
39,45,200,200,40000,8.824045938718456,-0.18215888303577027,1.1821588830357703,0.10256410256410256,0.8974358974358975
39,46,200,178,35600,7.196401198494583,0.206681364454745,0.7933186355452551,0.125,0.875
39,47,200,149,29800,8.797310230625813,-0.1989144030764207,1.1989144030764207,0.08823529411764706,0.9117647058823529
39,48,200,200,40000,8.098432905651089,-0.02154271766899418,1.0215427176689942,0.07777777777777778,0.9222222222222223
39,49,200,200,40000,7.2740232276785814,0.16534363901990282,0.8346563609800972,0.09565217391304348,0.9043478260869565
39,50,200,200,40000,7.825091302959215,0.021794327822776658,0.9782056721772233,0.10309278350515463,0.8969072164948454
39,51,200,200,40000,6.659152955913756,0.29219442967019416,0.7078055703298058,0.0967741935483871,0.9032258064516129
39,52,200,200,40000,7.130974191287177,0.17078338348286998,0.82921661651713,0.11956521739130435,0.8804347826086957
39,53,200,200,40000,8.620052662480227,-0.2224092404863867,1.2224092404863867,0.0975609756097561,0.9024390243902439
39,54,200,200,40000,7.8478394894750645,-0.03459171842597146,1.0345917184259714,0.11494252873563218,0.8850574712643678
39,55,200,200,40000,7.240640068271632,0.11139269154428882,0.8886073084557111,0.13392857142857142,0.8660714285714286
39,56,200,200,40000,6.318056657579138,0.3202784689729351,0.6797215310270649,0.10416666666666667,0.8958333333333334
39,57,200,200,40000,7.321577921608713,0.044453886063174713,0.9555461139368253,0.10891089108910891,0.8910891089108911
39,58,200,200,40000,7.010162368860052,0.11467262140648353,0.8853273785935165,0.10434782608695652,0.8956521739130435
39,59,200,200,40000,8.357598581778461,-0.3762963135589967,1.3762963135589967,0.10112359550561797,0.898876404494382
40,41,200,200,40000,7.7417596583264,0.1114310828341042,0.8885689171658958,0.1,0.9
40,42,200,200,40000,8.738190245509843,-0.14075989256290056,1.1407598925629006,0.07692307692307693,0.9230769230769231
40,43,200,200,40000,6.898095902340641,0.28181278827730455,0.7181872117226955,0.109375,0.890625
40,44,200,200,40000,9.260104957788437,-0.3042365166812377,1.3042365166812377,0.08,0.92
40,45,200,200,40000,9.139958917158758,-0.2860959540866737,1.2860959540866737,0.08450704225352113,0.9154929577464789
40,46,200,178,35600,8.323016760790306,-0.07722043840380417,1.0772204384038042,0.08928571428571429,0.9107142857142857
40,47,200,149,29800,8.87115235223498,-0.23645663103917058,1.2364566310391707,0.06666666666666667,0.9333333333333333
40,48,200,200,40000,8.44717427866178,-0.1277581545058176,1.1277581545058175,0.08695652173913043,0.9130434782608696
40,49,200,200,40000,8.031482721483117,-0.0338240996369271,1.033824099636927,0.078125,0.921875
40,50,200,200,40000,7.15539330021022,0.17087417031357532,0.8291258296864247,0.09333333333333334,0.9066666666666666
40,51,200,200,40000,7.356819639431913,0.12119943411081759,0.8788005658891824,0.08333333333333333,0.9166666666666666
40,52,200,200,40000,8.411647382396358,-0.1756108810994713,1.1756108810994712,0.08196721311475409,0.9180327868852459
40,53,200,200,40000,7.694864055057229,0.013391794480222603,0.9866082055197773,0.08695652173913043,0.9130434782608696
40,54,200,200,40000,7.819044315426731,-0.04302306248168981,1.0430230624816899,0.08860759493670886,0.9113924050632911
40,55,200,200,40000,7.630057906260631,-0.004776852408963548,1.0047768524089635,0.08860759493670886,0.9113924050632911
40,56,200,200,40000,6.054998468090251,0.3662896770273501,0.63371032297265,0.10526315789473684,0.8947368421052632
40,57,200,200,40000,7.643842788382364,-0.0622562680108838,1.0622562680108838,0.0759493670886076,0.9240506329113924
40,58,200,200,40000,6.427311895039327,0.24813866863907397,0.751861331360926,0.08536585365853659,0.9146341463414634
40,59,200,200,40000,7.9574081254617335,-0.2632773407963058,1.2632773407963058,0.07142857142857142,0.9285714285714286
41,42,200,200,40000,8.585383498473805,-0.11857858456424371,1.1185785845642437,0.0875,0.9125
41,43,200,200,40000,8.688681328447991,-0.15791477419980487,1.1579147741998048,0.08108108108108109,0.9189189189189189
41,44,200,200,40000,9.008974812374088,-0.2541502345486506,1.2541502345486506,0.10714285714285714,0.8928571428571429
41,45,200,200,40000,8.978264379829914,-0.2609894738533111,1.2609894738533112,0.09302325581395349,0.9069767441860466
41,46,200,178,35600,8.478628632551851,-0.13626878342434876,1.1362687834243488,0.11320754716981132,0.8867924528301887
41,47,200,149,29800,6.607295459445373,0.3036202917254684,0.6963797082745316,0.09523809523809523,0.9047619047619048
41,48,200,200,40000,8.150904744582924,-0.06734192939605851,1.0673419293960584,0.08974358974358974,0.9102564102564102
41,49,200,200,40000,7.179981230063783,0.16042262194271736,0.8395773780572826,0.1038961038961039,0.8961038961038961
41,50,200,200,40000,8.021630631437315,-0.06154019269931314,1.061540192699313,0.11392405063291139,0.8860759493670887
41,51,200,200,40000,8.040149419409989,-0.06897814864066402,1.068978148640664,0.10344827586206896,0.896551724137931
41,52,200,200,40000,8.493681550002377,-0.21964199845038557,1.2196419984503857,0.10666666666666667,0.8933333333333333
41,53,200,200,40000,6.917911948069196,0.1898962310997059,0.8101037689002941,0.09333333333333334,0.9066666666666666
41,54,200,200,40000,7.15210224008206,0.113399229601746,0.886600770398254,0.10975609756097561,0.8902439024390244
41,55,200,200,40000,7.304710060803712,0.06319517243314496,0.936804827566855,0.11458333333333333,0.8854166666666666
41,56,200,200,40000,7.2656422610743245,0.06109528621859711,0.9389047137814028,0.09090909090909091,0.9090909090909091
41,57,200,200,40000,7.5329355555365005,-0.051027284252514404,1.0510272842525143,0.10810810810810811,0.8918918918918919
41,58,200,200,40000,6.206371423595485,0.2858883832083726,0.7141116167916274,0.1044776119402985,0.8955223880597015
41,59,200,200,40000,6.308185841221117,0.21234532397661857,0.7876546760233815,0.11688311688311688,0.8831168831168831
42,43,200,200,40000,8.547263064759369,-0.12940385598737847,1.1294038559873785,0.1282051282051282,0.8717948717948718
42,44,200,200,40000,7.404182972937782,0.14617321726165014,0.8538267827383499,0.13333333333333333,0.8666666666666667
42,45,200,200,40000,7.411096459692701,0.134047773287031,0.865952226712969,0.1506849315068493,0.8493150684931507
42,46,200,178,35600,6.825176398125214,0.2580058465586303,0.7419941534413697,0.14084507042253522,0.8591549295774648
42,47,200,149,29800,8.213995725927465,-0.08610529657275089,1.086105296572751,0.08235294117647059,0.9176470588235294
42,48,200,200,40000,7.73223494993826,0.03169345702566321,0.9683065429743368,0.08860759493670886,0.9113924050632911
42,49,200,200,40000,7.637337623552719,0.04153577782634755,0.9584642221736525,0.11842105263157894,0.881578947368421
42,50,200,200,40000,8.151527565125708,-0.10567447070692691,1.1056744707069268,0.10843373493975904,0.891566265060241
42,51,200,200,40000,8.237674188534779,-0.13193959655855478,1.1319395965585548,0.07936507936507936,0.9206349206349207
42,52,200,200,40000,7.2496615064186996,0.10556518196351339,0.8944348180364866,0.1323529411764706,0.8676470588235294
42,53,200,200,40000,7.6204402065781,0.006558503160670102,0.9934414968393299,0.10666666666666667,0.8933333333333333
42,54,200,200,40000,9.149313373832191,-0.4711341685676534,1.4711341685676533,0.125,0.875
42,55,200,200,40000,7.5750799528557815,-0.01780003169363971,1.0178000316936398,0.1326530612244898,0.8673469387755102
42,56,200,200,40000,5.849091926775839,0.391259050425639,0.608740949574361,0.10309278350515463,0.8969072164948454
42,57,200,200,40000,7.409185577369467,-0.02584990884393947,1.0258499088439395,0.11904761904761904,0.8809523809523809
42,58,200,200,40000,7.379940086393839,-0.03307162814296691,1.0330716281429668,0.1016949152542373,0.8983050847457628
42,59,200,200,40000,6.9616873101509,0.016511801717870297,0.9834881982821297,0.13636363636363635,0.8636363636363636
43,44,200,200,40000,7.342749834221636,0.15105754257179646,0.8489424574282035,0.1282051282051282,0.8717948717948718
43,45,200,200,40000,7.1495057289924455,0.18513253360285928,0.8148674663971407,0.140625,0.859375
43,46,200,178,35600,8.220402817243116,-0.08881003462756996,1.08881003462757,0.15625,0.84375
43,47,200,149,29800,8.994909695460182,-0.317329372523048,1.317329372523048,0.07246376811594203,0.927536231884058
43,48,200,200,40000,7.403664895201587,0.10218137430580738,0.8978186256941926,0.0875,0.9125
43,49,200,200,40000,8.031513479292292,-0.07249791818763991,1.07249791818764,0.1076923076923077,0.8923076923076922
43,50,200,200,40000,7.841048581968522,-0.03476114450735129,1.0347611445073512,0.10588235294117647,0.8941176470588236
43,51,200,200,40000,7.116377391627148,0.14618848843654625,0.8538115115634537,0.08064516129032258,0.9193548387096774
43,52,200,200,40000,6.314844384046217,0.31436237453990395,0.685637625460096,0.13157894736842105,0.868421052631579
43,53,200,200,40000,8.020464790642219,-0.11446405337435123,1.1144640533743513,0.1111111111111111,0.8888888888888888
43,54,200,200,40000,6.844789357763201,0.17084590214078063,0.8291540978592193,0.14285714285714285,0.8571428571428572
43,55,200,200,40000,7.876598378287444,-0.11522957306833365,1.1152295730683337,0.13924050632911392,0.8607594936708861
43,56,200,200,40000,7.804407933268622,-0.10986200051104315,1.1098620005110431,0.1044776119402985,0.8955223880597015
43,57,200,200,40000,7.571873832173126,-0.08678206293300887,1.086782062933009,0.11594202898550725,0.8840579710144928
43,58,200,200,40000,7.289766878408908,-0.0210683733104887,1.0210683733104886,0.10606060606060606,0.8939393939393939
43,59,200,200,40000,6.945526624961021,0.0064437117288016115,0.9935562882711984,0.1323529411764706,0.8676470588235294
44,45,200,200,40000,6.5524940903670945,0.31025273380606944,0.6897472661939306,0.14285714285714285,0.8571428571428572
44,46,200,178,35600,6.879940804690518,0.23147994623985982,0.7685200537601402,0.16883116883116883,0.8311688311688312
44,47,200,149,29800,8.945042443465903,-0.31293373243921235,1.3129337324392123,0.09782608695652174,0.9021739130434783
44,48,200,200,40000,6.95832681446965,0.20071540319554446,0.7992845968044555,0.1111111111111111,0.8888888888888888
44,49,200,200,40000,6.094554440414128,0.37814586390018146,0.6218541360998185,0.15,0.85
44,50,200,200,40000,7.906316187518852,-0.06067001987205518,1.0606700198720551,0.13,0.87
44,51,200,200,40000,6.295456984302821,0.32683747887014514,0.6731625211298549,0.11538461538461539,0.8846153846153846
44,52,200,200,40000,7.331654285750342,0.06610581768046096,0.933894182319539,0.14473684210526316,0.8552631578947368
44,53,200,200,40000,8.27247392240856,-0.1958112469871476,1.1958112469871476,0.12162162162162163,0.8783783783783784
44,54,200,200,40000,7.999551798100901,-0.14556858429779757,1.1455685842977976,0.1702127659574468,0.8297872340425532
44,55,200,200,40000,7.953361972846957,-0.1471204405654571,1.1471204405654571,0.15555555555555556,0.8444444444444444
44,56,200,200,40000,6.507546838078077,0.22538851288230438,0.7746114871176957,0.10526315789473684,0.8947368421052632
44,57,200,200,40000,6.614625620608078,0.1680492265920581,0.8319507734079419,0.16216216216216217,0.8378378378378378
44,58,200,200,40000,7.337019675161577,-0.04451052335454072,1.0445105233545406,0.10714285714285714,0.8928571428571429
44,59,200,200,40000,6.994028630822063,-0.01882774355815442,1.0188277435581545,0.15294117647058825,0.8470588235294118
45,46,200,178,35600,8.004680178752077,-0.05383473045484412,1.053834730454844,0.13043478260869565,0.8695652173913043
45,47,200,149,29800,7.906393574893435,-0.038958465237231066,1.038958465237231,0.09302325581395349,0.9069767441860466
45,48,200,200,40000,7.093007401500796,0.1584760660686133,0.8415239339313867,0.10810810810810811,0.8918918918918919
45,49,200,200,40000,7.067565655743227,0.1519357177579597,0.8480642822420403,0.1267605633802817,0.8732394366197183
45,50,200,200,40000,7.284150227585829,0.08783165689068591,0.912168343109314,0.10869565217391304,0.8913043478260869
45,51,200,200,40000,8.386953583268932,-0.2127746845834275,1.2127746845834275,0.08256880733944955,0.9174311926605505
45,52,200,200,40000,7.160188243702756,0.0970215418073179,0.9029784581926821,0.1388888888888889,0.8611111111111112
45,53,200,200,40000,8.048208622157777,-0.14717422690162996,1.14717422690163,0.10989010989010989,0.8901098901098901
45,54,200,200,40000,7.12657184147688,0.07937075243596947,0.9206292475640305,0.12643678160919541,0.8735632183908046
45,55,200,200,40000,7.50679159338307,-0.035590524841179444,1.0355905248411794,0.13402061855670103,0.865979381443299
45,56,200,200,40000,7.545229629764521,-0.06100077907827306,1.061000779078273,0.1232876712328767,0.8767123287671232
45,57,200,200,40000,6.685988218200407,0.13595510459500426,0.8640448954049957,0.12987012987012986,0.8701298701298701
45,58,200,200,40000,8.237882486444681,-0.34327461066936443,1.3432746106693645,0.09876543209876543,0.9012345679012346
45,59,200,200,40000,6.574398230045927,0.08982097164144746,0.9101790283585526,0.1462044395724856,0.8537955604275144
46,47,178,149,26522,8.374483058615294,-0.17854897107106354,1.1785489710710635,0.09333333333333334,0.9066666666666666
46,48,178,200,35600,7.828220751857594,-0.036544327505507464,1.0365443275055075,0.09189537884119164,0.9081046211588084
46,49,178,200,35600,7.543741501255485,0.022703429521398647,0.9772965704786013,0.13559322033898305,0.864406779661017
46,50,178,200,35600,7.832799864825275,-0.0670981102642156,1.0670981102642156,0.12222222222222222,0.8777777777777778
46,51,178,200,35600,6.971815024933589,0.15276179641995177,0.8472382035800482,0.1111111111111111,0.8888888888888888
46,52,178,200,35600,7.250846461225183,0.0629331220328636,0.9370668779671364,0.16666666666666666,0.8333333333333334
46,53,178,200,35600,7.111701122549834,0.09441217025315207,0.9055878297468479,0.14705882352941177,0.8529411764705882
46,54,178,200,35600,7.833682613591984,-0.12719420215826752,1.1271942021582675,0.18571428571428572,0.8142857142857143
46,55,178,200,35600,6.73910103268645,0.15649175836799592,0.8435082416320041,0.1625,0.8375
46,56,178,200,35600,7.4183778648049294,-0.038105538590628214,1.0381055385906282,0.10606060606060606,0.8939393939393939
46,57,178,200,35600,7.254279176275897,-0.03391136368823645,1.0339113636882364,0.14084507042253522,0.8591549295774648
46,58,178,200,35600,8.029240412640656,-0.29138809968996077,1.2913880996899607,0.11538461538461539,0.8846153846153846
46,59,178,200,35600,6.646055961864436,0.05476726971008189,0.9452327302899182,0.17567567567567569,0.8243243243243243
47,48,149,200,29800,7.989744623971122,-0.09146693694851889,1.0914669369485188,0.09302325581395349,0.9069767441860466
47,49,149,200,29800,7.897607520495844,-0.08296432631490747,1.0829643263149076,0.08899889988998899,0.911001100110011
47,50,149,200,29800,8.670185488561545,-0.3221528505781663,1.3221528505781663,0.08737864077669903,0.912621359223301
47,51,149,200,29800,7.544003127863736,-0.0033215657499602734,1.0033215657499603,0.09722222222222222,0.9027777777777778
47,52,149,200,29800,7.16580189404174,0.07429780355521928,0.9257021964447807,0.10126582278481013,0.8987341772151899
47,53,149,200,29800,7.667974089777403,-0.06537177312534115,1.0653717731253411,0.07608695652173914,0.9239130434782609
47,54,149,200,29800,8.044116079121606,-0.20271975724391256,1.2027197572439126,0.08080808080808081,0.9191919191919192
47,55,149,200,29800,8.012261122629111,-0.20936054795526457,1.2093605479552645,0.10526315789473684,0.8947368421052632
47,56,149,200,29800,7.757873426644763,-0.14980738664251847,1.1498073866425185,0.07407407407407407,0.9259259259259259
47,57,149,200,29800,7.256798073788034,-0.04781209972772246,1.0478120997277225,0.10588235294117647,0.8941176470588236
47,58,149,200,29800,6.9708065053056405,0.018973229562168247,0.9810267704378317,0.08045977011494253,0.9195402298850575
47,59,149,200,29800,6.075274525023699,0.2055076371900631,0.794492362809937,0.10256410256410256,0.8974358974358975
48,49,200,200,40000,8.030064737776437,-0.12715810100133537,1.1271581010013354,0.09333333333333334,0.9066666666666666
48,50,200,200,40000,7.715907009162001,-0.054157884564525895,1.0541578845645259,0.07608695652173914,0.9239130434782609
48,51,200,200,40000,7.190064820300264,0.08240097939978083,0.9175990206002191,0.0967741935483871,0.9032258064516129
48,52,200,200,40000,8.112405886829775,-0.195234238676595,1.195234238676595,0.0875,0.9125
48,53,200,200,40000,6.974398319508841,0.11274535943093272,0.8872546405690673,0.08641975308641975,0.9135802469135803
48,54,200,200,40000,8.391330606456448,-0.31848952784729245,1.3184895278472926,0.08139534883720931,0.9186046511627907
48,55,200,200,40000,7.351978266465913,-0.0248042498320848,1.0248042498320848,0.09375,0.90625
48,56,200,200,40000,6.20246514352486,0.2621108575262645,0.7378891424737355,0.09722222222222222,0.9027777777777778
48,57,200,200,40000,7.184522088631299,-0.03478243781134384,1.034782437811344,0.0958904109589041,0.904109589041096
48,58,200,200,40000,7.201178348321242,-0.05649964072084604,1.056499640720846,0.06666666666666667,0.9333333333333333
48,59,200,200,40000,6.91485728633631,-0.0507088644997837,1.0507088644997837,0.09090909090909091,0.9090909090909091
49,50,200,200,40000,7.068475200210738,0.10116541040142832,0.8988345895985717,0.11627906976744186,0.8837209302325582
49,51,200,200,40000,5.417416764225749,0.47073806104229193,0.529261938957708,0.09090909090909091,0.9090909090909091
49,52,200,200,40000,6.341056839206133,0.25810880248866724,0.7418911975113327,0.12987012987012986,0.8701298701298701
49,53,200,200,40000,7.234734700244876,0.029292441257063595,0.9707075587429363,0.10666666666666667,0.8933333333333333
49,54,200,200,40000,8.01933993699839,-0.22405916019266878,1.2240591601926687,0.1282051282051282,0.8717948717948718
49,55,200,200,40000,7.856130220012451,-0.19084697767543993,1.19084697767544,0.11956521739130435,0.8804347826086957
49,56,200,200,40000,6.081321551917606,0.2779597876882964,0.7220402123117036,0.10294117647058823,0.8970588235294118
49,57,200,200,40000,6.2740960745911405,0.19909270162347023,0.8009072983765297,0.12643678160919541,0.8735632183908046
49,58,200,200,40000,6.500400537442932,0.1257754150304739,0.874224584969526,0.0963855421686747,0.9036144578313253
49,59,200,200,40000,6.742175464320484,-0.01752352294567106,1.0175235229456712,0.13043478260869565,0.8695652173913043
50,51,200,200,40000,7.47151319851622,-0.020261204403337566,1.0202612044033377,0.09401709401709402,0.905982905982906
50,52,200,200,40000,7.91904370981532,-0.17326763319278268,1.1732676331927827,0.1267605633802817,0.8732394366197183
50,53,200,200,40000,7.553328621460011,-0.07268418845128825,1.0726841884512883,0.09302325581395349,0.9069767441860466
50,54,200,200,40000,6.755728547490159,0.11967214443312653,0.8803278555668734,0.15294117647058825,0.8470588235294118
50,55,200,200,40000,4.792772959244837,0.5521906829822947,0.4478093170177053,0.14,0.86
50,56,200,200,40000,7.168629289015158,-0.01997394443995828,1.0199739444399583,0.08602150537634409,0.9139784946236559
50,57,200,200,40000,6.3704187593334245,0.16099158714533068,0.8390084128546693,0.1411764705882353,0.8588235294117648
50,58,200,200,40000,7.64219841604473,-0.2321844788405363,1.2321844788405363,0.12631578947368421,0.8736842105263158
50,59,200,200,40000,7.4032842528919725,-0.2544212373282047,1.2544212373282047,0.12643678160919541,0.8735632183908046
51,52,200,200,40000,6.838807874747801,0.12275954555555438,0.8772404544444456,0.09375,0.90625
51,53,200,200,40000,6.907855797072012,0.10050623376970041,0.8994937662302995,0.09090909090909091,0.9090909090909091
51,54,200,200,40000,8.267120702392726,-0.3226815084395517,1.3226815084395516,0.10975609756097561,0.8902439024390244
51,55,200,200,40000,7.561170187459685,-0.12159143197934827,1.1215914319793483,0.11428571428571428,0.8857142857142857
51,56,200,200,40000,6.233373269584524,0.2275516023821596,0.7724483976178405,0.08235294117647059,0.9176470588235294
51,57,200,200,40000,6.870739868091207,0.019601252708219788,0.9803987472917802,0.11267605633802817,0.8873239436619719
51,58,200,200,40000,5.716466697147901,0.31373805251991876,0.6862619474800813,0.08888888888888889,0.9111111111111111
51,59,200,200,40000,7.391109258928332,-0.2541509760544957,1.2541509760544958,0.08955223880597014,0.9104477611940298
52,53,200,200,40000,6.994316255718734,0.0553311585885662,0.9446688414114338,0.11594202898550725,0.8840579710144928
52,54,200,200,40000,8.102243369581254,-0.3019068876707402,1.3019068876707403,0.15384615384615385,0.8461538461538461
52,55,200,200,40000,7.68036627496454,-0.18649034205676246,1.1864903420567625,0.14772727272727273,0.8522727272727273
52,56,200,200,40000,7.08661664163309,-0.025287500294564256,1.0252875002945643,0.09883326549993215,0.9011667345000678
52,57,200,200,40000,6.9440602699963465,-0.02875545459054361,1.0287554545905435,0.12903225806451613,0.8709677419354839
52,58,200,200,40000,7.417757936570683,-0.19511341230923,1.19511341230923,0.1111111111111111,0.8888888888888888
52,59,200,200,40000,5.931670222984655,0.17789945610970803,0.822100543890292,0.16455696202531644,0.8354430379746836
53,54,200,200,40000,7.6746702302945575,-0.17419655630017852,1.1741965563001786,0.12658227848101267,0.8734177215189873
53,55,200,200,40000,6.846669088390643,0.05228796168192265,0.9477120383180774,0.11904761904761904,0.8809523809523809
53,56,200,200,40000,6.723090818361261,0.07236613153554645,0.9276338684644535,0.0875,0.9125
53,57,200,200,40000,7.093853240581034,-0.07996012383971637,1.0799601238397163,0.10526315789473684,0.8947368421052632
53,58,200,200,40000,6.691088285606974,0.023484634738664873,0.9765153652613351,0.09090909090909091,0.9090909090909091
53,59,200,200,40000,5.841883028224271,0.19801658465599778,0.8019834153440022,0.1206896551724138,0.8793103448275862
54,55,200,200,40000,5.831975152227223,0.29298602877512814,0.7070139712248719,0.20238095238095238,0.7976190476190477
54,56,200,200,40000,8.437000120312245,-0.5031498846924876,1.5031498846924876,0.09210526315789473,0.9078947368421053
54,57,200,200,40000,6.553042634526968,0.051354846758426935,0.9486451532415731,0.15730337078651685,0.8426966292134832
54,58,200,200,40000,6.530967249422334,0.04130903548111891,0.9586909645188811,0.12345679012345678,0.8765432098765432
54,59,200,200,40000,5.870507436407575,0.1613452335545551,0.8386547664454449,0.16091954022988506,0.8390804597701149
55,56,200,200,40000,7.517561837661006,-0.2112360222209364,1.2112360222209364,0.10309278350515463,0.8969072164948454
55,57,200,200,40000,6.827071434187223,-0.0461881267082583,1.0461881267082582,0.1686746987951807,0.8313253012048193
55,58,200,200,40000,7.297673515493756,-0.21724651796812328,1.2172465179681233,0.12941176470588237,0.8705882352941177
55,59,200,200,40000,7.05996796813374,-0.24244768973766684,1.2424476897376668,0.14606741573033707,0.8539325842696629
56,57,200,200,40000,6.434524146483542,0.055091930321432836,0.9449080696785672,0.09523809523809523,0.9047619047619048
56,58,200,200,40000,5.381112708407783,0.3279097896390739,0.6720902103609261,0.08641975308641975,0.9135802469135803
56,59,200,200,40000,6.715099598716637,-0.14345883638379728,1.1434588363837972,0.09333333333333334,0.9066666666666666
57,58,200,200,40000,6.025354373803902,0.11309033732174609,0.8869096626782539,0.11392405063291139,0.8860759493670887
57,59,200,200,40000,6.245761115620332,-0.043400302391883167,1.0434003023918832,0.136986301369863,0.863013698630137
58,59,200,200,40000,6.704719462840848,-0.22862374127099952,1.2286237412709995,0.11267605633802817,0.8873239436619719
